sorteo|n_awk|n_py|en_ambos|iguales|acuerdo_pct
2267|0|655|0|0|
2226|0|648|0|0|
2227|0|649|0|0|
2269|0|652|0|0|
2228|0|456|0|0|
2229|0|653|0|0|
1690|651|651|651|649|99.7
1691|657|657|657|655|99.7
1650|650|650|650|644|99.1
1610|453|453|453|440|97.1
1692|654|654|654|650|99.4
1926|0|456|0|0|
1611|652|652|652|647|99.2
1693|653|653|653|651|99.7
1652|656|656|656|652|99.4
1927|0|458|0|0|
1694|458|458|458|446|97.4
1612|651|651|651|647|99.4
1928|0|653|0|0|
1695|651|651|651|645|99.1
1654|656|656|656|650|99.1
1613|653|653|653|647|99.1
1929|0|655|0|0|
1696|650|650|650|647|99.5
1655|656|656|656|655|99.8
1614|657|657|657|652|99.2
1656|652|652|652|647|99.2
1615|655|655|655|650|99.2
1698|455|455|455|449|98.7
1657|656|655|655|651|99.4
1616|655|655|655|652|99.5
1699|649|649|649|644|99.2
1658|457|457|457|456|99.8
1617|648|648|648|644|99.4
1659|654|654|654|651|99.5
1618|654|654|654|649|99.2
1619|657|657|657|653|99.4
2070|0|654|0|0|
2071|0|454|0|0|
2030|0|654|0|0|
2072|0|656|0|0|
2031|0|655|0|0|
2073|0|652|0|0|
2032|0|655|0|0|
2074|0|655|0|0|
2033|0|654|0|0|
2075|0|454|0|0|
2034|0|456|0|0|
2076|0|652|0|0|
2035|0|654|0|0|
2077|0|656|0|0|
2036|0|651|0|0|
2078|0|455|0|0|
2037|0|455|0|0|
2079|0|656|0|0|
2038|0|656|0|0|
2039|0|653|0|0|
1770|453|453|453|444|98.0
1771|654|654|654|649|99.2
1730|653|653|653|650|99.5
1772|657|657|657|650|98.9
1731|456|456|456|452|99.1
1773|654|654|654|650|99.4
1774|656|656|656|649|98.9
1733|456|456|456|452|99.1
1775|455|455|455|450|98.9
1734|652|652|652|645|98.9
1460|652|603|603|580|96.2
1776|655|655|655|650|99.2
1735|457|457|457|454|99.3
1461|654|605|605|604|99.8
1777|652|652|652|643|98.6
1736|456|456|456|453|99.3
1462|651|603|603|603|100.0
1778|655|655|655|653|99.7
1737|658|658|658|652|99.1
1463|652|604|604|602|99.7
1779|458|458|458|452|98.7
1738|652|652|652|648|99.4
1464|655|655|655|653|99.7
1739|655|655|655|650|99.2
1465|650|650|650|648|99.7
1466|652|605|605|602|99.5
1467|653|606|606|604|99.7
1468|655|608|608|597|98.2
1469|657|608|608|586|96.4
2190|0|655|0|0|
2191|0|652|0|0|
2150|0|651|0|0|
2192|0|654|0|0|
2151|0|457|0|0|
2193|0|456|0|0|
2152|0|654|0|0|
2194|0|653|0|0|
2153|0|654|0|0|
2112|0|458|0|0|
2195|0|654|0|0|
2154|0|654|0|0|
2113|0|655|0|0|
2196|0|648|0|0|
2155|0|651|0|0|
2114|0|650|0|0|
2197|0|455|0|0|
2156|0|457|0|0|
2115|0|656|0|0|
2198|0|652|0|0|
2157|0|654|0|0|
2116|0|656|0|0|
2199|0|654|0|0|
2158|0|455|0|0|
2117|0|653|0|0|
2159|0|457|0|0|
2118|0|655|0|0|
2119|0|458|0|0|
1890|653|653|653|646|98.9
1891|653|653|653|648|99.2
1850|655|655|655|651|99.4
1892|0|457|0|0|
1851|456|455|455|447|98.2
1810|456|456|456|450|98.7
1893|0|455|0|0|
1852|654|654|654|649|99.2
1811|653|653|653|650|99.5
1894|0|458|0|0|
1853|655|655|655|649|99.1
1812|652|652|652|647|99.2
1895|0|658|0|0|
1854|457|457|457|454|99.3
1580|656|656|656|655|99.8
1813|655|655|655|650|99.2
1896|0|456|0|0|
1855|655|655|655|648|98.9
1814|458|458|458|452|98.7
1540|457|457|457|455|99.6
Archivo|1|0|0|0|
1897|0|653|0|0|
1856|656|656|656|650|99.1
1582|653|653|653|649|99.4
1815|658|658|658|653|99.2
1541|455|455|455|453|99.6
1500|655|655|655|651|99.4
1898|0|457|0|0|
1857|655|655|655|653|99.7
1816|654|654|654|646|98.8
1501|656|656|656|624|95.1
1899|0|653|0|0|
1858|655|655|655|648|98.9
1584|653|653|653|648|99.2
1817|656|656|656|649|98.9
1502|653|653|653|633|96.9
1859|460|0|0|0|
1818|653|653|653|648|99.2
1544|652|652|652|649|99.5
1503|653|640|640|613|95.8
1819|457|457|457|455|99.6
1545|657|657|657|654|99.5
1504|649|649|649|645|99.4
1587|655|655|655|623|95.1
1546|655|655|655|653|99.7
1505|655|655|655|624|95.3
1588|653|653|653|648|99.2
1506|651|651|651|609|93.5
1548|653|653|653|650|99.5
1507|656|656|656|624|95.1
1549|654|653|653|652|99.8
1508|654|654|654|632|96.6
1509|656|656|656|631|96.2
2270|0|649|0|0|
2271|0|454|0|0|
2230|0|456|0|0|
2272|0|653|0|0|
2231|0|656|0|0|
2273|0|454|0|0|
2232|0|655|0|0|
2274|0|653|0|0|
2233|0|457|0|0|
2275|0|651|0|0|
2234|0|653|0|0|
2276|0|653|0|0|
2235|0|648|0|0|
2277|0|454|0|0|
2236|0|652|0|0|
2278|0|656|0|0|
2237|0|654|0|0|
2279|0|457|0|0|
2238|0|458|0|0|
2239|0|648|0|0|
1930|0|655|0|0|
1931|0|653|0|0|
1932|0|652|0|0|
1933|0|458|0|0|
1934|0|652|0|0|
1660|654|654|654|651|99.5
1935|0|649|0|0|
1661|454|454|454|452|99.6
1620|653|652|652|650|99.7
1977|0|649|0|0|
1936|0|652|0|0|
1662|655|655|655|653|99.7
1621|655|654|654|650|99.4
1978|0|652|0|0|
1937|0|454|0|0|
1663|656|656|656|655|99.8
1622|654|654|654|650|99.4
1979|0|655|0|0|
1938|0|652|0|0|
1664|656|656|656|652|99.4
1623|657|657|657|651|99.1
1939|0|653|0|0|
1665|457|458|457|456|99.8
1624|653|653|653|651|99.7
1666|653|653|653|650|99.5
1625|655|655|655|653|99.7
1667|654|654|654|651|99.5
1626|454|454|454|452|99.6
1668|653|653|653|651|99.7
1627|653|653|653|649|99.4
1669|650|650|650|646|99.4
1356|545|545|545|545|100.0
1357|543|543|543|543|100.0
1358|546|546|546|545|99.8
2080|0|651|0|0|
2081|0|656|0|0|
2040|0|656|0|0|
2082|0|651|0|0|
2041|0|655|0|0|
2000|0|590|0|0|
2083|0|456|0|0|
2042|0|456|0|0|
2084|0|656|0|0|
2043|0|654|0|0|
2085|0|655|0|0|
2044|0|653|0|0|
2086|0|456|0|0|
2045|0|653|0|0|
2087|0|650|0|0|
2046|0|457|0|0|
2005|0|653|0|0|
2088|0|657|0|0|
2047|0|652|0|0|
2006|0|654|0|0|
2089|0|652|0|0|
2048|0|653|0|0|
2007|0|655|0|0|
2049|0|653|0|0|
2008|0|655|0|0|
2009|0|650|0|0|
1780|650|650|650|646|99.4
1781|456|456|456|454|99.6
1740|655|655|655|653|99.7
1782|656|656|656|646|98.5
1741|656|656|656|650|99.1
1700|655|654|654|647|98.9
1783|453|453|453|450|99.3
1742|457|457|457|454|99.3
1784|457|457|457|453|99.1
1743|653|653|653|648|99.2
1785|653|653|653|647|99.1
1744|655|655|655|652|99.5
1470|657|611|611|593|97.1
1703|652|652|652|648|99.4
1786|650|650|650|645|99.2
1745|658|658|658|656|99.7
1471|656|656|656|655|99.8
1704|649|649|649|646|99.5
1787|657|657|657|654|99.5
1472|650|601|601|599|99.7
1705|653|653|653|651|99.7
1788|653|653|653|644|98.6
1706|457|457|457|455|99.6
1789|655|655|655|651|99.4
1474|652|606|606|581|95.9
1707|654|654|654|648|99.1
1749|657|657|657|654|99.5
1708|655|655|655|649|99.1
1476|648|599|599|576|96.2
1709|456|456|456|448|98.2
1477|651|602|602|577|95.8
1478|655|607|607|581|95.7
1479|650|650|650|648|99.7
1438|779|732|732|732|100.0
1439|655|611|611|610|99.8
2160|0|455|0|0|
2161|0|454|0|0|
2120|0|653|0|0|
2162|0|649|0|0|
2121|0|655|0|0|
2163|0|652|0|0|
2122|0|456|0|0|
2164|0|656|0|0|
2123|0|654|0|0|
2165|0|456|0|0|
2124|0|651|0|0|
2166|0|650|0|0|
2125|0|456|0|0|
2167|0|653|0|0|
2126|0|653|0|0|
2168|0|458|0|0|
2127|0|653|0|0|
2169|0|652|0|0|
2128|0|655|0|0|
2129|0|653|0|0|
1860|457|457|457|454|99.3
1820|656|656|656|651|99.2
1861|658|658|658|656|99.7
1821|656|656|656|654|99.7
1862|456|456|456|448|98.2
1822|654|654|654|652|99.7
1863|655|655|655|652|99.5
1823|458|458|458|457|99.8
1864|655|655|655|650|99.2
1824|651|651|651|648|99.5
1550|652|652|652|647|99.2
1865|457|457|457|452|98.9
1825|655|655|655|652|99.5
1551|651|651|651|644|98.9
1510|655|655|655|625|95.4
1866|655|655|655|652|99.5
1592|652|652|652|648|99.4
1552|651|651|651|645|99.1
1511|651|651|651|625|96.0
1867|455|455|455|449|98.7
1593|653|653|653|652|99.8
1826|655|655|655|652|99.5
1512|656|656|656|620|94.5
1868|655|655|655|648|98.9
1594|655|655|655|649|99.1
1827|457|457|457|457|100.0
1554|656|656|656|655|99.8
1869|454|454|454|449|98.9
1595|652|652|652|645|98.9
1828|655|655|655|650|99.2
1555|657|657|657|655|99.7
1514|653|619|619|589|95.2
1596|657|656|656|653|99.5
1829|654|654|654|650|99.4
1515|653|611|611|577|94.4
1597|456|456|456|453|99.3
1516|654|654|654|621|95.0
1598|652|652|652|644|98.8
1517|652|652|652|628|96.3
1599|652|652|652|648|99.4
1518|655|638|638|605|94.8
2280|0|457|0|0|
2281|0|653|0|0|
2240|0|655|0|0|
2282|0|455|0|0|
2241|0|651|0|0|
2200|0|653|0|0|
2283|0|653|0|0|
2242|0|653|0|0|
2201|0|650|0|0|
2284|0|457|0|0|
2243|0|456|0|0|
2202|0|651|0|0|
2285|0|654|0|0|
2244|0|651|0|0|
2203|0|454|0|0|
2286|0|648|0|0|
2245|0|654|0|0|
2204|0|654|0|0|
2287|0|455|0|0|
2246|0|457|0|0|
2205|0|651|0|0|
2247|0|653|0|0|
2206|0|653|0|0|
2248|0|653|0|0|
2207|0|458|0|0|
2249|0|652|0|0|
2208|0|456|0|0|
2209|0|458|0|0|
1980|0|655|0|0|
1981|0|456|0|0|
1940|0|651|0|0|
1982|0|652|0|0|
1941|0|455|0|0|
1900|0|456|0|0|
1983|0|653|0|0|
1942|0|648|0|0|
1901|0|456|0|0|
1984|0|655|0|0|
1943|0|655|0|0|
1902|0|457|0|0|
1985|0|457|0|0|
1944|0|654|0|0|
1903|0|454|0|0|
1670|456|455|455|452|99.3
1986|0|656|0|0|
1945|0|458|0|0|
1904|0|457|0|0|
1671|653|653|653|647|99.1
1630|455|454|454|452|99.6
1987|0|648|0|0|
1905|0|456|0|0|
1988|0|455|0|0|
1906|0|456|0|0|
1673|650|650|650|643|98.9
1989|0|656|0|0|
1907|0|454|0|0|
1674|453|452|452|449|99.3
1908|0|456|0|0|
1360|543|543|543|542|99.8
1675|654|654|654|647|98.9
1909|0|458|0|0|
1361|544|544|544|544|100.0
1362|543|543|543|542|99.8
1677|653|653|653|648|99.2
1636|649|649|649|645|99.4
1363|541|541|541|540|99.8
1637|457|456|456|456|100.0
1364|545|545|545|544|99.8
1679|451|451|451|448|99.3
1639|455|455|455|454|99.8
2090|0|457|0|0|
2091|0|654|0|0|
2050|0|653|0|0|
2092|0|655|0|0|
2051|0|454|0|0|
2010|0|653|0|0|
2093|0|655|0|0|
2052|0|654|0|0|
2011|0|651|0|0|
2094|0|653|0|0|
2053|0|655|0|0|
2012|0|652|0|0|
2095|0|456|0|0|
2054|0|652|0|0|
2013|0|456|0|0|
2096|0|653|0|0|
2055|0|455|0|0|
2014|0|455|0|0|
2097|0|656|0|0|
2056|0|655|0|0|
2015|0|456|0|0|
2098|0|657|0|0|
2057|0|657|0|0|
2016|0|455|0|0|
2099|0|452|0|0|
2058|0|655|0|0|
2017|0|654|0|0|
2059|0|457|0|0|
2018|0|652|0|0|
2019|0|655|0|0|
1790|456|456|456|452|99.1
1791|655|655|655|648|98.9
1750|657|657|657|648|98.6
1792|654|654|654|649|99.2
1751|655|655|655|651|99.4
1710|652|652|652|648|99.4
1793|654|654|654|647|98.9
1752|656|656|656|652|99.4
1711|650|650|650|648|99.7
1794|658|658|658|655|99.5
1753|654|654|654|651|99.5
1712|652|652|652|647|99.2
1795|458|458|458|453|98.9
1754|456|456|456|446|97.8
1480|652|604|604|599|99.2
1713|653|653|653|645|98.8
1796|652|652|652|646|99.1
1755|657|657|657|654|99.5
1481|654|606|606|601|99.2
1714|455|455|455|450|98.9
1440|780|734|734|731|99.6
1797|655|655|655|649|99.1
1756|653|653|653|651|99.7
1482|656|608|608|604|99.3
1715|654|654|654|651|99.5
1441|782|736|736|736|100.0
1442|0|656|0|0|
1798|456|456|456|451|98.9
1757|456|456|456|453|99.3
1483|655|607|607|604|99.5
1716|651|651|651|646|99.2
1799|656|656|656|652|99.4
1758|656|656|656|651|99.2
1484|656|656|656|654|99.7
1717|656|656|656|650|99.1
1443|654|654|654|653|99.8
1444|0|654|0|0|
1759|655|653|653|643|98.5
1485|656|607|607|603|99.3
1718|458|458|458|456|99.6
1445|0|651|0|0|
1486|655|608|608|590|97.0
1719|655|655|655|650|99.2
1446|0|657|0|0|
1487|651|604|604|601|99.5
1488|656|656|656|655|99.8
1447|655|655|655|653|99.7
1489|649|614|614|590|96.1
2170|0|653|0|0|
2171|0|456|0|0|
2130|0|651|0|0|
2172|0|656|0|0|
2131|0|456|0|0|
2173|0|650|0|0|
2132|0|656|0|0|
2174|0|455|0|0|
2133|0|652|0|0|
2175|0|653|0|0|
2134|0|456|0|0|
2176|0|651|0|0|
2135|0|656|0|0|
2177|0|652|0|0|
2136|0|654|0|0|
2178|0|458|0|0|
2137|0|654|0|0|
2179|0|653|0|0|
2138|0|455|0|0|
2139|0|653|0|0|
1870|655|655|655|653|99.7
1871|456|456|456|451|98.9
1830|457|457|457|456|99.8
1872|653|653|653|650|99.5
1831|458|458|458|456|99.6
1873|456|456|456|451|98.9
1832|458|457|457|452|98.9
1874|658|658|658|652|99.1
1833|657|657|657|650|98.9
1875|456|455|455|448|98.5
1834|654|654|654|648|99.1
1876|653|653|653|649|99.4
1835|655|655|655|652|99.5
1520|652|652|652|624|95.7
1877|458|458|458|453|98.9
1836|655|655|655|650|99.2
1521|654|621|621|620|99.8
1878|454|454|454|453|99.8
1837|657|657|657|653|99.4
1879|457|457|457|454|99.3
1838|455|455|455|452|99.3
1564|655|655|655|654|99.8
1523|653|653|653|652|99.8
1839|652|652|652|646|99.1
1565|654|654|654|648|99.1
1524|654|633|633|605|95.6
1566|653|653|653|652|99.8
1567|652|652|652|648|99.4
1526|655|651|651|617|94.8
1568|653|652|652|649|99.5
1527|656|656|656|617|94.1
1569|650|650|650|645|99.2
1528|652|651|651|620|95.2
1529|653|621|621|592|95.3
2250|0|652|0|0|
2251|0|454|0|0|
2210|0|457|0|0|
2252|0|650|0|0|
2211|0|457|0|0|
2253|0|655|0|0|
2212|0|650|0|0|
2254|0|652|0|0|
2213|0|655|0|0|
2255|0|454|0|0|
2214|0|456|0|0|
2256|0|655|0|0|
2215|0|655|0|0|
2257|0|455|0|0|
2216|0|653|0|0|
2258|0|655|0|0|
2217|0|456|0|0|
2259|0|456|0|0|
2218|0|653|0|0|
2219|0|657|0|0|
1990|0|652|0|0|
1991|0|650|0|0|
1992|0|655|0|0|
1910|0|655|0|0|
1911|0|653|0|0|
1680|653|653|653|648|99.2
1681|0|652|0|0|
1640|454|454|454|452|99.6
1682|652|652|652|649|99.5
1641|652|652|652|642|98.5
1600|654|654|654|651|99.5
1683|454|454|454|453|99.8
1601|658|657|657|654|99.5
1684|652|652|652|647|99.2
1643|654|654|654|651|99.5
1602|652|652|652|650|99.7
1685|652|652|652|649|99.5
1644|655|655|655|650|99.2
1603|652|652|652|647|99.2
1686|456|456|456|452|99.1
1604|456|456|456|454|99.6
1687|455|455|455|452|99.3
1605|653|653|653|650|99.5
1688|456|456|456|456|100.0
1606|654|654|654|652|99.7
1689|654|654|654|648|99.1
1648|654|654|654|652|99.7
1607|656|656|656|652|99.4
1649|652|652|652|649|99.5
1609|654|654|654|646|98.8
2060|0|657|0|0|
2061|0|656|0|0|
2020|0|654|0|0|
2062|0|456|0|0|
2021|0|653|0|0|
2063|0|456|0|0|
2022|0|456|0|0|
2064|0|457|0|0|
2023|0|653|0|0|
2065|0|654|0|0|
2024|0|651|0|0|
2066|0|653|0|0|
2025|0|653|0|0|
2067|0|653|0|0|
2026|0|458|0|0|
2068|0|652|0|0|
2027|0|655|0|0|
2069|0|650|0|0|
2028|0|455|0|0|
2029|0|654|0|0|
1760|651|651|651|642|98.6
1761|656|656|656|653|99.5
1720|650|650|650|646|99.4
1721|653|653|653|648|99.2
1763|655|655|655|649|99.1
1722|456|456|456|451|98.9
1490|648|618|618|612|99.0
1765|655|655|655|646|98.6
1725|0|654|0|0|
1492|457|457|457|454|99.3
1451|656|656|656|654|99.7
1767|655|655|655|651|99.4
1493|456|456|456|454|99.6
1726|653|653|653|648|99.2
1452|655|655|655|654|99.8
1768|652|652|652|645|98.9
1494|655|626|626|605|96.6
1727|457|457|457|454|99.3
1453|654|654|654|654|100.0
1769|654|654|654|647|98.9
1495|652|652|652|631|96.8
1728|655|655|655|652|99.5
1454|653|610|610|573|93.9
1496|653|653|653|649|99.4
1729|654|654|654|647|98.9
1455|653|609|609|574|94.3
1497|651|651|651|624|95.9
1456|651|603|603|581|96.4
1498|655|655|655|633|96.6
1457|650|650|650|649|99.8
1499|654|616|616|592|96.1
1458|653|653|653|652|99.8
1459|654|606|606|587|96.9
2180|0|655|0|0|
2181|0|456|0|0|
2140|0|649|0|0|
2182|0|654|0|0|
2141|0|654|0|0|
2100|0|653|0|0|
2183|0|652|0|0|
2142|0|653|0|0|
2101|0|653|0|0|
2184|0|456|0|0|
2143|0|454|0|0|
2102|0|655|0|0|
2185|0|655|0|0|
2144|0|655|0|0|
2103|0|655|0|0|
2186|0|654|0|0|
2145|0|652|0|0|
2104|0|455|0|0|
2187|0|653|0|0|
2146|0|653|0|0|
2105|0|654|0|0|
2188|0|456|0|0|
2147|0|456|0|0|
2106|0|652|0|0|
2189|0|652|0|0|
2148|0|656|0|0|
2107|0|651|0|0|
2149|0|654|0|0|
2108|0|455|0|0|
2109|0|654|0|0|
1880|452|452|452|450|99.6
1881|456|456|456|450|98.7
1840|655|655|655|648|98.9
1882|658|658|658|648|98.5
1800|657|657|657|649|98.8
1841|655|655|655|653|99.7
1883|455|455|455|447|98.2
1801|655|655|655|651|99.4
1842|654|654|654|649|99.2
1884|653|653|653|649|99.4
1802|655|655|655|650|99.2
1843|454|454|454|450|99.1
1885|457|457|457|454|99.3
1570|647|647|647|644|99.5
1803|454|454|454|451|99.3
1844|656|656|656|651|99.2
1886|654|654|654|647|98.9
1571|653|653|653|650|99.5
1804|655|655|655|649|99.1
1530|653|653|653|629|96.3
1845|653|653|653|650|99.5
1887|457|457|457|450|98.5
1572|654|654|654|652|99.7
1805|655|655|655|646|98.6
1531|655|655|655|651|99.4
1846|455|455|455|451|99.1
1888|655|655|655|653|99.7
1573|649|649|649|640|98.6
1806|456|456|456|451|98.9
1847|658|658|658|649|98.6
1889|457|457|457|452|98.9
1574|655|655|655|653|99.7
1807|653|653|653|650|99.5
1533|655|635|635|613|96.5
1848|655|655|655|649|99.1
1575|657|657|657|654|99.5
1808|657|657|657|649|98.8
1534|656|656|656|652|99.4
1849|655|655|655|650|99.2
1576|654|654|654|651|99.5
1809|652|652|652|646|99.1
1577|656|656|656|654|99.7
1536|657|657|657|654|99.5
1578|652|652|652|649|99.5
1537|653|653|653|626|95.9
1538|651|651|651|645|99.1
1539|657|657|657|657|100.0
2260|0|456|0|0|
2261|0|458|0|0|
2220|0|654|0|0|
2262|0|655|0|0|
2221|0|458|0|0|
2263|0|458|0|0|
2222|0|652|0|0|
2264|0|654|0|0|
2223|0|651|0|0|
2265|0|654|0|0|
2224|0|653|0|0|
2266|0|653|0|0|
2225|0|457|0|0|
