sorteo|crudo|extraido|diferencia
1356|547|547|0
1357|547|547|0
1358|547|547|0
1360|547|547|0
1361|547|547|0
1362|547|547|0
1363|547|547|0
1364|547|547|0
1438|785|737|48
1439|659|614|45
1440|785|738|47
1441|785|738|47
1442|658|658|0
1443|658|658|0
1444|658|658|0
1445|658|658|0
1446|658|658|0
1447|658|658|0
1451|658|658|0
1452|658|658|0
1453|658|658|0
1454|658|615|43
1455|658|614|44
1456|658|610|48
1457|658|658|0
1458|658|658|0
1459|658|610|48
1460|658|609|49
1461|658|609|49
1462|658|609|49
1463|658|610|48
1464|658|658|0
1465|658|658|0
1466|658|611|47
1467|658|611|47
1468|658|611|47
1469|658|609|49
1470|658|612|46
1471|658|658|0
1472|658|609|49
1474|658|611|47
1476|658|609|49
1477|658|609|49
1478|658|610|48
1479|658|658|0
1480|658|610|48
1481|658|610|48
1482|658|609|49
1483|658|610|48
1484|658|658|0
1485|658|609|49
1486|658|609|49
1487|658|611|47
1488|658|658|0
1489|657|621|36
1490|658|626|32
1492|458|458|0
1493|458|458|0
1494|658|629|29
1495|658|658|0
1496|658|658|0
1497|658|658|0
1498|658|658|0
1499|658|620|38
1500|658|658|0
1501|658|658|0
1502|658|658|0
1503|659|645|14
1504|658|658|0
1505|658|658|0
1506|658|658|0
1507|658|658|0
1508|658|658|0
1509|658|658|0
1510|658|658|0
1511|658|658|0
1512|658|658|0
1514|658|624|34
1515|658|616|42
1516|658|658|0
1517|658|658|0
1518|658|641|17
1520|658|658|0
1521|658|625|33
1523|658|658|0
1524|658|637|21
1526|658|654|4
1527|658|658|0
1528|658|657|1
1529|658|625|33
1530|658|658|0
1531|658|658|0
1533|658|638|20
1534|658|658|0
1536|658|658|0
1537|658|658|0
1538|658|658|0
1539|658|658|0
1540|458|458|0
1541|458|458|0
1544|658|658|0
1545|658|658|0
1546|658|658|0
1548|658|658|0
1549|658|657|1
1550|658|658|0
1551|658|658|0
1552|658|658|0
1554|658|658|0
1555|658|658|0
1564|658|658|0
1565|658|658|0
1566|658|658|0
1567|658|658|0
1568|658|657|1
1569|658|658|0
1570|658|658|0
1571|658|658|0
1572|658|658|0
1573|658|658|0
1574|658|658|0
1575|658|658|0
1576|658|658|0
1577|658|658|0
1578|658|658|0
1580|658|658|0
1582|658|658|0
1584|658|658|0
1587|658|658|0
1588|658|658|0
1592|658|658|0
1593|658|658|0
1594|658|658|0
1595|658|658|0
1596|658|657|1
1597|458|458|0
1598|658|658|0
1599|658|658|0
1600|658|658|0
1601|658|657|1
1602|658|658|0
1603|658|658|0
1604|458|458|0
1605|658|658|0
1606|658|658|0
1607|658|658|0
1609|658|658|0
1610|460|458|2
1611|658|658|0
1612|658|658|0
1613|658|658|0
1614|658|658|0
1615|658|658|0
1616|658|658|0
1617|658|658|0
1618|658|658|0
1619|658|658|0
1620|658|657|1
1621|658|657|1
1622|658|658|0
1623|658|658|0
1624|658|658|0
1625|658|658|0
1626|458|458|0
1627|658|658|0
1630|458|457|1
1636|658|658|0
1637|458|457|1
1639|458|458|0
1640|458|458|0
1641|658|658|0
1643|658|658|0
1644|658|658|0
1648|658|658|0
1649|658|658|0
1650|658|658|0
1652|658|658|0
1654|658|658|0
1655|658|658|0
1656|658|658|0
1657|658|657|1
1658|458|458|0
1659|658|658|0
1660|658|658|0
1661|458|458|0
1662|658|658|0
1663|658|658|0
1664|658|658|0
1665|458|459|-1
1666|658|658|0
1667|658|658|0
1668|658|658|0
1669|658|658|0
1670|458|457|1
1671|658|658|0
1673|658|658|0
1674|458|457|1
1675|658|658|0
1677|658|658|0
1679|458|458|0
1680|658|658|0
1681|658|658|0
1682|658|658|0
1683|458|458|0
1684|658|658|0
1685|658|658|0
1686|458|458|0
1687|458|458|0
1688|460|458|2
1689|658|658|0
1690|658|658|0
1691|658|658|0
1692|658|658|0
1693|658|658|0
1694|458|458|0
1695|658|658|0
1696|658|658|0
1698|458|458|0
1699|658|658|0
1700|658|657|1
1703|658|658|0
1704|658|658|0
1705|658|658|0
1706|460|458|2
1707|658|658|0
1708|658|658|0
1709|458|458|0
1710|658|658|0
1711|658|658|0
1712|658|658|0
1713|658|658|0
1714|458|458|0
1715|658|658|0
1716|658|658|0
1717|658|658|0
1718|458|458|0
1719|658|658|0
1720|658|658|0
1721|658|658|0
1722|458|458|0
1725|665|658|7
1726|665|658|7
1727|466|458|8
1728|665|658|7
1729|665|658|7
1730|665|658|7
1731|465|458|7
1733|465|458|7
1734|665|658|7
1735|465|458|7
1736|465|458|7
1737|665|658|7
1738|665|658|7
1739|665|658|7
1740|666|658|8
1741|665|658|7
1742|465|458|7
1743|665|658|7
1744|665|658|7
1745|665|658|7
1749|665|658|7
1750|665|658|7
1751|665|658|7
1752|665|658|7
1753|665|658|7
1754|465|458|7
1755|665|658|7
1756|665|658|7
1757|465|458|7
1758|665|658|7
1759|665|656|9
1760|665|658|7
1761|667|658|9
1763|665|658|7
1765|665|658|7
1767|665|658|7
1768|665|658|7
1769|665|658|7
1770|465|458|7
1771|665|658|7
1772|666|658|8
1773|665|658|7
1774|665|658|7
1775|465|458|7
1776|665|658|7
1777|665|658|7
1778|665|658|7
1779|465|458|7
1780|665|658|7
1781|465|458|7
1782|665|658|7
1783|465|458|7
1784|465|458|7
1785|665|658|7
1786|665|658|7
1787|665|658|7
1788|665|658|7
1789|665|658|7
1790|465|458|7
1791|665|658|7
1792|665|658|7
1793|665|658|7
1794|665|658|7
1795|465|458|7
1796|665|658|7
1797|665|658|7
1798|465|458|7
1799|665|658|7
1800|665|658|7
1801|665|658|7
1802|665|658|7
1803|465|458|7
1804|665|658|7
1805|665|658|7
1806|465|458|7
1807|665|658|7
1808|665|658|7
1809|665|658|7
1810|465|458|7
1811|665|658|7
1812|665|658|7
1813|665|658|7
1814|465|458|7
1815|665|658|7
1816|665|658|7
1817|665|658|7
1818|665|658|7
1819|465|458|7
1820|666|658|8
1821|665|658|7
1822|665|658|7
1823|465|458|7
1824|665|658|7
1825|665|658|7
1826|665|658|7
1827|465|458|7
1828|665|658|7
1829|665|658|7
1830|465|458|7
1831|465|458|7
1832|465|457|8
1833|665|658|7
1834|665|658|7
1835|665|658|7
1836|665|658|7
1837|665|658|7
1838|465|458|7
1839|665|658|7
1840|665|658|7
1841|665|658|7
1842|665|658|7
1843|465|458|7
1844|665|658|7
1845|665|658|7
1846|465|458|7
1847|665|658|7
1848|665|658|7
1849|665|658|7
1850|665|658|7
1851|465|457|8
1852|665|658|7
1853|665|658|7
1854|465|458|7
1855|665|658|7
1856|665|658|7
1857|665|658|7
1858|665|658|7
1860|465|458|7
1861|665|658|7
1862|465|458|7
1863|665|658|7
1864|665|658|7
1865|465|458|7
1866|665|658|7
1867|465|458|7
1868|665|658|7
1869|465|458|7
1870|665|658|7
1871|465|458|7
1872|665|658|7
1873|465|458|7
1874|665|658|7
1875|465|457|8
1876|665|658|7
1877|465|458|7
1878|465|458|7
1879|465|458|7
1880|465|458|7
1881|465|458|7
1882|665|658|7
1883|465|458|7
1884|665|658|7
1885|465|458|7
1886|665|658|7
1887|465|458|7
1888|665|658|7
1889|465|458|7
1890|665|658|7
1891|665|658|7
1892|465|458|7
1893|465|458|7
1894|465|458|7
1895|665|658|7
1896|465|458|7
1897|665|658|7
1898|465|458|7
1899|665|658|7
1900|906|457|449
1901|465|458|7
1902|465|458|7
1903|465|457|8
1904|465|458|7
1905|465|458|7
1906|465|458|7
1907|465|458|7
1908|465|458|7
1909|465|458|7
1910|664|657|7
1911|664|657|7
1926|464|457|7
1927|465|458|7
1928|664|657|7
1929|664|657|7
1930|664|657|7
1931|664|657|7
1932|664|657|7
1933|465|458|7
1934|664|657|7
1935|664|657|7
1936|664|657|7
1937|465|458|7
1938|664|657|7
1939|664|657|7
1940|664|657|7
1941|465|458|7
1942|664|657|7
1943|664|657|7
1944|664|657|7
1945|906|458|448
1977|664|657|7
1978|664|657|7
1979|664|657|7
1980|664|657|7
1981|465|458|7
1982|664|657|7
1983|664|657|7
1984|664|657|7
1985|465|458|7
1986|664|657|7
1987|664|655|9
1988|465|458|7
1989|664|657|7
1990|664|657|7
1991|664|657|7
1992|664|657|7
2000|594|594|0
2005|664|657|7
2006|664|657|7
2007|664|657|7
2008|664|657|7
2009|664|657|7
2010|664|657|7
2011|664|657|7
2012|664|657|7
2013|465|458|7
2014|465|458|7
2015|906|458|448
2016|457|457|0
2017|664|657|7
2018|664|657|7
2019|665|657|8
2020|664|657|7
2021|664|657|7
2022|465|458|7
2023|664|657|7
2024|664|657|7
2025|664|657|7
2026|465|458|7
2027|664|657|7
2028|457|457|0
2029|664|657|7
2030|664|657|7
2031|664|657|7
2032|664|657|7
2033|664|657|7
2034|465|458|7
2035|664|657|7
2036|664|657|7
2037|465|458|7
2038|664|657|7
2039|664|657|7
2040|664|657|7
2041|664|657|7
2042|465|458|7
2043|664|657|7
2044|664|657|7
2045|664|657|7
2046|465|458|7
2047|664|657|7
2048|664|657|7
2049|664|657|7
2050|664|657|7
2051|465|458|7
2052|664|657|7
2053|664|657|7
2054|664|657|7
2055|465|458|7
2056|664|657|7
2057|664|657|7
2058|664|657|7
2059|465|458|7
2060|664|657|7
2061|664|657|7
2062|465|458|7
2063|903|458|445
2064|906|458|448
2065|664|657|7
2066|664|657|7
2067|664|657|7
2068|664|657|7
2069|665|657|8
2070|664|657|7
2071|465|457|8
2072|664|657|7
2073|664|657|7
2074|665|657|8
2075|466|458|8
2076|664|657|7
2077|665|657|8
2078|906|458|448
2079|664|657|7
2080|664|657|7
2081|664|657|7
2082|664|657|7
2083|906|458|448
2084|664|657|7
2085|664|657|7
2086|465|458|7
2087|664|657|7
2088|664|657|7
2089|664|657|7
2090|465|458|7
2091|664|657|7
2092|664|657|7
2093|664|657|7
2094|664|657|7
2095|465|458|7
2096|664|655|9
2097|664|657|7
2098|664|657|7
2099|465|458|7
2100|664|657|7
2101|664|657|7
2102|664|657|7
2103|664|657|7
2104|465|458|7
2105|664|657|7
2106|664|657|7
2107|664|655|9
2108|465|458|7
2109|664|657|7
2112|471|458|13
2113|664|657|7
2114|664|657|7
2115|665|657|8
2116|664|657|7
2117|664|657|7
2118|664|657|7
2119|466|458|8
2120|665|657|8
2121|664|657|7
2122|466|459|7
2123|664|657|7
2124|664|657|7
2125|465|458|7
2126|664|657|7
2127|664|657|7
2128|664|657|7
2129|664|657|7
2130|664|657|7
2131|906|458|448
2132|664|657|7
2133|664|657|7
2134|465|458|7
2135|664|657|7
2136|664|657|7
2137|664|657|7
2138|465|458|7
2139|664|657|7
2140|664|657|7
2141|664|657|7
2142|664|655|9
2143|465|458|7
2144|664|657|7
2145|664|655|9
2146|664|657|7
2147|465|458|7
2148|664|657|7
2149|664|657|7
2150|664|655|9
2151|465|458|7
2152|664|657|7
2153|664|657|7
2154|664|657|7
2155|664|657|7
2156|465|458|7
2157|664|657|7
2158|466|458|8
2159|466|458|8
2160|908|459|449
2161|471|458|13
2162|664|657|7
2163|665|657|8
2164|664|657|7
2165|466|458|8
2166|664|657|7
2167|665|657|8
2168|465|458|7
2169|665|657|8
2170|664|657|7
2171|465|458|7
2172|665|657|8
2173|665|657|8
2174|466|458|8
2175|665|657|8
2176|665|657|8
2177|665|657|8
2178|466|458|8
2179|665|657|8
2180|665|657|8
2181|908|457|451
2182|665|657|8
2183|665|657|8
2184|466|458|8
2185|665|657|8
2186|665|657|8
2187|665|657|8
2188|466|458|8
2189|665|655|10
2190|665|657|8
2191|665|657|8
2192|665|657|8
2193|466|458|8
2194|665|655|10
2195|665|657|8
2196|665|657|8
2197|466|458|8
2198|665|655|10
2199|666|657|9
2200|665|657|8
2201|665|655|10
2202|665|655|10
2203|467|458|9
2204|665|657|8
2205|665|657|8
2206|665|657|8
2207|466|458|8
2208|466|458|8
2209|466|458|8
2210|908|458|450
2211|471|458|13
2212|665|655|10
2213|665|657|8
2214|466|458|8
2215|665|657|8
2216|665|657|8
2217|466|458|8
2218|665|657|8
2219|665|657|8
2220|665|655|10
2221|466|458|8
2222|664|657|7
2223|665|655|10
2224|665|657|8
2225|466|458|8
2226|665|655|10
2227|665|655|10
2228|466|458|8
2229|665|657|8
2230|908|457|451
2231|665|657|8
2232|665|657|8
2233|466|458|8
2234|665|655|10
2235|665|655|10
2236|665|657|8
2237|665|657|8
2238|466|458|8
2239|665|653|12
2240|665|657|8
2241|665|653|12
2242|665|657|8
2243|466|458|8
2244|665|657|8
2245|665|657|8
2246|466|458|8
2247|665|657|8
2248|665|657|8
2249|665|657|8
2250|665|657|8
2251|466|458|8
2252|665|653|12
2253|665|657|8
2254|665|655|10
2255|466|458|8
2256|665|657|8
2257|466|458|8
2258|665|657|8
2259|908|459|449
2260|471|458|13
2261|465|459|6
2262|664|657|7
2263|465|458|7
2264|664|657|7
2265|664|655|9
2266|664|655|9
2267|664|657|7
2269|664|657|7
2270|664|655|9
2271|465|458|7
2272|664|657|7
2273|465|458|7
2274|664|655|9
2275|664|655|9
2276|664|655|9
2277|465|458|7
2278|664|657|7
2279|465|458|7
2280|906|457|449
2281|664|657|7
2282|465|458|7
2283|664|655|9
2284|465|458|7
2285|664|657|7
2286|664|653|11
2287|465|458|7
