sorteo|publicados|distintos|esperados
1356|547|545|658
1357|547|543|658
1358|547|546|658
1360|547|543|658
1361|547|544|658
1362|547|543|658
1363|547|541|658
1364|547|545|658
1438|784|779|658
1439|658|655|658
1440|784|780|658
1441|784|782|658
1442|658|656|658
1443|658|654|658
1444|658|654|658
1445|658|651|658
1446|658|657|658
1447|658|655|658
1451|658|656|658
1452|658|655|658
1453|658|654|658
1454|658|653|658
1455|658|653|658
1456|658|651|658
1457|658|650|658
1458|658|653|658
1459|658|654|658
1460|658|652|658
1461|658|654|658
1462|657|651|658
1463|658|652|658
1464|658|655|658
1465|658|650|658
1466|658|652|658
1467|658|653|658
1468|658|655|658
1469|658|657|658
1470|658|657|658
1471|658|656|658
1472|658|650|658
1474|657|652|658
1476|658|648|658
1477|658|651|658
1478|658|655|658
1479|658|650|658
1480|658|652|658
1481|658|654|658
1482|657|656|658
1483|658|655|658
1484|658|656|658
1485|658|656|658
1486|656|655|658
1487|658|651|658
1488|658|656|658
1489|656|649|658
1490|656|648|658
1492|458|457|658
1493|458|456|658
1494|629|626|658
1495|658|652|658
1496|658|653|658
1497|658|651|658
1498|658|655|658
1499|658|654|658
1500|658|655|658
1501|658|656|658
1502|658|653|658
1503|645|640|658
1504|658|649|658
1505|658|655|658
1506|658|651|658
1507|658|656|658
1508|658|654|658
1509|658|656|658
1510|658|655|658
1511|658|651|658
1512|658|656|658
1514|658|653|658
1515|658|653|658
1516|658|654|658
1517|658|652|658
1518|641|638|658
1520|658|652|658
1521|658|654|658
1523|658|653|658
1524|637|633|658
1526|654|651|658
1527|658|656|658
1528|657|651|658
1529|657|653|658
1530|658|653|658
1531|658|655|658
1533|638|635|658
1534|658|656|658
1536|658|657|658
1537|658|653|658
1538|658|651|658
1539|658|657|658
1540|458|457|658
1541|458|455|658
1544|658|652|658
1545|658|657|658
1546|658|655|658
1548|658|653|658
1549|657|653|658
1550|658|652|658
1551|658|651|658
1552|658|651|658
1554|658|656|658
1555|658|657|658
1564|658|655|658
1565|658|654|657
1566|658|653|658
1567|658|652|657
1568|657|652|658
1569|658|650|658
1570|658|647|658
1571|658|653|638
1572|658|654|658
1573|658|649|658
1574|658|655|658
1575|658|657|637
1576|658|654|658
1577|658|656|459
1578|658|652|658
1580|658|656|658
1582|658|653|658
1584|658|653|658
1587|658|655|658
1588|658|653|458
1592|658|652|658
1593|658|653|458
1594|658|655|658
1595|658|652|458
1596|657|656|658
1597|458|456|458
1598|658|652|658
1599|658|652|658
1600|658|654|658
1601|657|657|658
1602|658|652|658
1603|658|652|658
1604|458|456|458
1605|658|653|658
1606|658|654|658
1607|658|656|658
1609|658|654|658
1610|458|453|458
1611|658|652|658
1612|658|651|658
1613|658|653|658
1614|658|657|658
1615|658|655|658
1616|658|655|658
1617|658|648|658
1618|658|654|658
1619|658|657|658
1620|657|652|658
1621|657|654|658
1622|658|654|658
1623|658|657|658
1624|658|653|658
1625|658|655|658
1626|458|454|458
1627|658|653|658
1630|457|454|458
1636|658|649|658
1637|457|456|458
1639|458|455|458
1640|458|454|458
1641|658|652|658
1643|658|654|658
1644|658|655|658
1648|658|654|658
1649|658|652|658
1650|658|650|658
1652|658|656|658
1654|658|656|658
1655|658|656|658
1656|658|652|658
1657|657|655|658
1658|458|457|458
1659|658|654|658
1660|658|654|658
1661|458|454|458
1662|658|655|658
1663|658|656|658
1664|658|656|658
1665|459|458|458
1666|658|653|658
1667|658|654|658
1668|658|653|658
1669|658|650|658
1670|457|455|458
1671|658|653|658
1673|658|650|658
1674|457|452|458
1675|658|654|658
1677|658|653|658
1679|458|451|458
1680|658|653|658
1681|658|652|658
1682|658|652|658
1683|458|454|458
1684|658|652|658
1685|658|652|658
1686|458|456|458
1687|458|455|458
1688|458|456|458
1689|658|654|658
1690|658|651|658
1691|658|657|658
1692|658|654|658
1693|658|653|658
1694|458|458|458
1695|658|651|658
1696|658|650|658
1698|458|455|458
1699|658|649|658
1700|657|654|658
1703|658|652|658
1704|658|649|658
1705|658|653|658
1706|458|457|458
1707|658|654|658
1708|658|655|658
1709|458|456|458
1710|658|652|658
1711|658|650|658
1712|658|652|658
1713|658|653|658
1714|458|455|458
1715|658|654|658
1716|658|651|658
1717|658|656|658
1718|458|458|458
1719|658|655|658
1720|658|650|658
1721|658|653|658
1722|458|456|458
1725|658|654|658
1726|658|653|658
1727|458|457|458
1728|658|655|658
1729|658|654|658
1730|658|653|658
1731|458|456|458
1733|458|456|458
1734|658|652|658
1735|458|457|458
1736|458|456|458
1737|658|658|658
1738|658|652|658
1739|658|655|658
1740|658|655|658
1741|658|656|658
1742|458|457|458
1743|658|653|658
1744|658|655|658
1745|658|658|658
1749|658|657|658
1750|658|657|658
1751|658|655|658
1752|658|656|658
1753|658|654|658
1754|458|456|458
1755|658|657|658
1756|658|653|658
1757|458|456|458
1758|658|656|658
1759|656|653|658
1760|658|651|658
1761|658|656|658
1763|658|655|658
1765|658|655|658
1767|658|655|658
1768|658|652|658
1769|658|654|658
1770|458|453|458
1771|658|654|658
1772|658|657|658
1773|658|654|658
1774|658|656|658
1775|458|455|458
1776|658|655|658
1777|658|652|658
1778|658|655|658
1779|458|458|458
1780|658|650|658
1781|458|456|458
1782|658|656|658
1783|458|453|458
1784|458|457|458
1785|658|653|658
1786|658|650|658
1787|658|657|658
1788|658|653|658
1789|658|655|658
1790|458|456|458
1791|658|655|658
1792|658|654|658
1793|658|654|658
1794|658|658|658
1795|458|458|458
1796|658|652|658
1797|658|655|658
1798|458|456|458
1799|658|656|658
1800|658|657|658
1801|658|655|658
1802|658|655|658
1803|458|454|458
1804|658|655|658
1805|658|655|658
1806|458|456|458
1807|658|653|658
1808|658|657|658
1809|658|652|658
1810|458|456|458
1811|658|653|658
1812|658|652|658
1813|658|655|658
1814|458|458|458
1815|658|658|658
1816|658|654|658
1817|658|656|658
1818|658|653|658
1819|458|457|458
1820|658|656|658
1821|658|656|658
1822|658|654|658
1823|458|458|458
1824|658|651|658
1825|658|655|658
1826|658|655|658
1827|458|457|458
1828|658|655|658
1829|658|654|658
1830|458|457|458
1831|458|458|458
1832|457|457|458
1833|658|657|658
1834|658|654|658
1835|658|655|658
1836|658|655|658
1837|658|657|658
1838|458|455|458
1839|658|652|658
1840|658|655|658
1841|658|655|658
1842|658|654|658
1843|458|454|458
1844|658|656|658
1845|658|653|658
1846|458|455|458
1847|658|658|658
1848|658|655|658
1849|658|655|658
1850|658|655|658
1851|457|455|458
1852|658|654|658
1853|658|655|658
1854|458|457|458
1855|658|655|658
1856|658|656|658
1857|658|655|658
1858|658|655|658
1860|458|457|458
1861|658|658|658
1862|458|456|458
1863|658|655|658
1864|658|655|658
1865|458|457|458
1866|658|655|658
1867|458|455|458
1868|658|655|658
1869|458|454|458
1870|658|655|658
1871|458|456|458
1872|658|653|658
1873|458|456|458
1874|658|658|658
1875|457|455|458
1876|658|653|658
1877|458|458|458
1878|458|454|458
1879|458|457|458
1880|458|452|458
1881|458|456|458
1882|658|658|658
1883|458|455|458
1884|658|653|658
1885|458|457|458
1886|658|654|658
1887|458|457|458
1888|658|655|658
1889|458|457|458
1890|658|653|658
1891|658|653|658
1892|458|457|458
1893|458|455|458
1894|458|458|458
1895|658|658|658
1896|458|456|458
1897|658|653|658
1898|458|457|458
1899|658|653|658
1900|457|456|458
1901|458|456|657
1902|458|457|657
1903|457|454|458
1904|458|457|657
1905|458|456|657
1906|458|456|657
1907|458|454|458
1908|458|456|657
1909|458|458|657
1910|657|655|657
1911|657|653|657
1926|457|456|458
1927|458|458|458
1928|657|653|657
1929|657|655|657
1930|657|655|657
1931|657|653|657
1932|657|652|657
1933|458|458|458
1934|657|652|657
1935|657|649|657
1936|657|652|657
1937|458|454|458
1938|657|652|657
1939|657|653|657
1940|657|651|657
1941|458|455|458
1942|657|648|657
1943|657|655|657
1944|657|654|657
1945|458|458|458
1977|657|649|657
1978|657|652|657
1979|657|655|657
1980|657|655|657
1981|458|456|458
1982|657|652|657
1983|657|653|657
1984|657|655|657
1985|458|457|458
1986|657|656|657
1987|655|648|657
1988|458|455|458
1989|657|656|657
1990|657|652|657
1991|657|650|657
1992|657|655|657
2000|594|590|657
2005|657|653|657
2006|657|654|657
2007|657|655|657
2008|657|655|657
2009|657|650|657
2010|657|653|657
2011|657|651|657
2012|657|652|657
2013|458|456|458
2014|458|455|458
2015|458|456|458
2016|457|455|458
2017|657|654|657
2018|657|652|657
2019|657|655|657
2020|657|654|657
2021|657|653|657
2022|458|456|458
2023|657|653|657
2024|657|651|657
2025|657|653|657
2026|458|458|458
2027|657|655|657
2028|457|455|458
2029|657|654|657
2030|657|654|657
2031|657|655|657
2032|657|655|657
2033|657|654|657
2034|458|456|458
2035|657|654|657
2036|657|651|657
2037|458|455|458
2038|657|656|657
2039|657|653|657
2040|657|656|657
2041|657|655|657
2042|458|456|458
2043|657|654|657
2044|657|653|657
2045|657|653|657
2046|458|457|458
2047|657|652|657
2048|657|653|657
2049|657|653|657
2050|657|653|657
2051|458|454|458
2052|657|654|657
2053|657|655|657
2054|657|652|657
2055|458|455|458
2056|657|655|657
2057|657|657|657
2058|657|655|657
2059|458|457|458
2060|657|657|657
2061|657|656|657
2062|458|456|458
2063|458|456|458
2064|458|457|458
2065|657|654|657
2066|657|653|657
2067|657|653|657
2068|657|652|657
2069|657|650|657
2070|657|654|657
2071|457|454|458
2072|657|656|657
2073|657|652|657
2074|657|655|657
2075|458|454|458
2076|657|652|657
2077|657|656|657
2078|458|455|458
2079|657|656|657
2080|657|651|657
2081|657|656|657
2082|657|651|657
2083|458|456|458
2084|657|656|657
2085|657|655|657
2086|458|456|458
2087|657|650|657
2088|657|657|657
2089|657|652|657
2090|458|457|458
2091|657|654|657
2092|657|655|657
2093|657|655|657
2094|657|653|657
2095|458|456|458
2096|655|653|657
2097|657|656|657
2098|657|657|657
2099|458|452|458
2100|657|653|657
2101|657|653|657
2102|657|655|657
2103|657|655|657
2104|458|455|458
2105|657|654|657
2106|657|652|657
2107|655|651|657
2108|458|455|458
2109|657|654|657
2112|458|458|458
2113|657|655|657
2114|657|650|657
2115|657|656|657
2116|657|656|657
2117|657|653|657
2118|657|655|657
2119|458|458|458
2120|657|653|657
2121|657|655|657
2122|459|456|458
2123|657|654|657
2124|657|651|657
2125|458|456|458
2126|657|653|657
2127|657|653|657
2128|657|655|657
2129|657|653|657
2130|657|651|657
2131|458|456|458
2132|657|656|657
2133|657|652|657
2134|458|456|458
2135|657|656|657
2136|657|654|657
2137|657|654|657
2138|458|455|458
2139|657|653|657
2140|657|649|657
2141|657|654|657
2142|655|653|657
2143|458|454|458
2144|657|655|657
2145|655|652|657
2146|657|653|657
2147|458|456|458
2148|657|656|657
2149|657|654|657
2150|655|651|657
2151|458|457|458
2152|657|654|657
2153|657|654|657
2154|657|654|657
2155|657|651|657
2156|458|457|458
2157|657|654|657
2158|458|455|458
2159|458|457|458
2160|459|455|458
2161|458|454|458
2162|657|649|657
2163|657|652|657
2164|657|656|657
2165|458|456|458
2166|657|650|657
2167|657|653|657
2168|458|458|458
2169|657|652|657
2170|657|653|657
2171|458|456|458
2172|657|656|657
2173|657|650|657
2174|458|455|458
2175|657|653|657
2176|657|651|657
2177|657|652|657
2178|458|458|458
2179|657|653|657
2180|657|655|657
2181|457|456|458
2182|657|654|657
2183|657|652|657
2184|458|456|458
2185|657|655|657
2186|657|654|657
2187|657|653|657
2188|458|456|458
2189|655|652|657
2190|657|655|657
2191|657|652|657
2192|657|654|657
2193|458|456|458
2194|655|653|657
2195|657|654|657
2196|657|648|657
2197|458|455|458
2198|655|652|657
2199|657|654|657
2200|657|653|657
2201|655|650|657
2202|655|651|657
2203|458|454|458
2204|657|654|657
2205|657|651|657
2206|657|653|657
2207|458|458|458
2208|458|456|458
2209|458|458|458
2210|458|457|458
2211|458|457|458
2212|655|650|657
2213|657|655|657
2214|458|456|458
2215|657|655|657
2216|657|653|657
2217|458|456|458
2218|657|653|657
2219|657|657|657
2220|655|654|657
2221|458|458|458
2222|657|652|657
2223|655|651|657
2224|657|653|657
2225|458|457|458
2226|655|648|657
2227|655|649|657
2228|458|456|458
2229|657|653|657
2230|457|456|458
2231|657|656|657
2232|657|655|657
2233|458|457|458
2234|655|653|657
2235|655|648|657
2236|657|652|657
2237|657|654|657
2238|458|458|458
2239|653|648|657
2240|657|655|657
2241|653|651|657
2242|657|653|657
2243|458|456|458
2244|657|651|657
2245|657|654|657
2246|458|457|458
2247|657|653|657
2248|657|653|657
2249|657|652|657
2250|657|652|657
2251|458|454|458
2252|653|650|657
2253|657|655|657
2254|655|652|657
2255|458|454|458
2256|657|655|657
2257|458|455|458
2258|657|655|657
2259|459|456|458
2260|458|456|458
2261|459|458|458
2262|657|655|657
2263|458|458|458
2264|657|654|657
2265|655|654|657
2266|655|653|657
2267|657|655|657
2269|657|652|657
2270|655|649|657
2271|458|454|458
2272|657|653|657
2273|458|454|458
2274|655|653|657
2275|655|651|657
2276|655|653|657
2277|458|454|458
2278|657|656|657
2279|458|457|458
2280|457|457|458
2281|657|653|657
2282|458|455|458
2283|655|653|657
2284|458|457|458
2285|657|654|657
2286|653|648|657
2287|458|455|458
