1358|24979|3400000|MAYOR
1443|36427|25000|QUINTO
1447|09463|25000|QUINTO
1447|21596|50000|CUARTO
1455|20813|3500000|MAYOR
1456|45699|50000|TERCER
1457|01709|50000|CUARTO
1458|19168|25000|QUINTO
1463|02058|1000|Ordinario
1463|02652|1000|Ordinario
1464|07354|50000|QUINTO
1465|12654|25000|QUINTO
1466|02826|1000|Ordinario
1466|03532|1000|Ordinario
1467|42713|1000|Ordinario
1468|25205|1000|Ordinario
1468|27205|1000|Ordinario
1470|37196|20000|QUINTO
1471|33097|50000|CUARTO
1472|14566|25000|CUARTO
1472|26598|1000|Ordinario
1474|15929|3500000|MAYOR
1474|47873|20000|QUINTO
1476|03133|25000|CUARTO
1476|04589|1000|Ordinario
1476|22350|1000|Ordinario
1476|50683|20000|QUINTO
1477|01634|1000|Ordinario
1477|15280|20000|QUINTO
1477|32297|25000|CUARTO
1478|03993|20000|QUINTO
1478|24397|1000|Ordinario
1479|44319|25000|QUINTO
1480|04622|2000|Ordinario
1480|05284|1000|Ordinario
1480|12930|20000|QUINTO
1480|34742|3000|Ordinario
1481|04004|1000|Ordinario
1481|05595|1000|Ordinario
1481|11115|1000|Ordinario
1481|38489|20000|QUINTO
1482|22091|20000|QUINTO
1482|25494|1000|Ordinario
1482|26214|2000|Ordinario
1483|22854|20000|QUINTO
1483|23844|1000|Ordinario
1485|50257|20000|QUINTO
1486|04048|20000|QUINTO
1486|25412|3000|Ordinario
1487|01864|2000|Ordinario
1487|07649|20000|CUARTO
1488|07572|850|Ordinario
1489|06515|20000|QUINTO
1489|01176|1000|Ordinario
1489|43499|1000|Ordinario
1490|25273|1000|Ordinario
1490|26913|1000|Ordinario
1490|33970|1000|Ordinario
1490|47412|20000|QUINTO
1494|24669|2000|Ordinario
1494|26970|20000|QUINTO
1496|16649|50000|CUARTO
1496|17773|850|Ordinario
1499|45988|1000|Ordinario
1500|13733|20000|QUINTO
1502|05457|20000|QUINTO
1504|17370|20000|QUINTO
1506|11147|20000|QUINTO
1506|28533|5000000|MAYOR
1531|01194|1000|Ordinario
1531|39651|20000|QUINTO
1534|03373|1000|Ordinario
1534|04629|1000|Ordinario
1534|24774|1000|Ordinario
1534|43884|20000|QUINTO
1536|11268|2000|Ordinario
1538|40043|1000|Ordinario
1538|45629|1000|Ordinario
1538|46406|1000|Ordinario
1539|06142|1200|Ordinario
1540|05155|1500|Ordinario
1540|27052|1500|Ordinario
1541|27768|1800|Ordinario
1541|33108|1700|Ordinario
1544|03526|1000|Ordinario
1544|04087|1000|Ordinario
1544|49478|20000|QUINTO
1545|27022|1200|Ordinario
1545|43958|1200|Ordinario
1546|26288|1000|Ordinario
1546|33128|20000|QUINTO
1548|33663|20000|QUINTO
1548|46634|1000|Ordinario
1549|37143|20000|QUINTO
1550|17110|1000|Ordinario
1550|19358|2000|Ordinario
1550|47199|20000|QUINTO
1551|01479|1200|Ordinario
1551|06392|1200|Ordinario
1551|34998|20000|SEGUNDO
1551|43872|1200|Ordinario
1551|49756|3000|Ordinario
1552|22540|20000|QUINTO
1552|32607|1000|Ordinario
1552|36754|1000|Ordinario
1552|43725|1000|Ordinario
1554|04500|20000|QUINTO
1555|11560|20000|QUINTO
1555|42175|1000|Ordinario
1564|47655|20000|QUINTO
1565|13671|1200|Ordinario
1565|19428|1200|Ordinario
1565|24244|2000|Ordinario
1565|47916|20000|QUINTO
1566|37485|20000|QUINTO
1567|20652|20000|QUINTO
1567|48443|1200|Ordinario
1567|48968|1200|Ordinario
1568|05754|1000|Ordinario
1568|34155|20000|QUINTO
1569|06133|1200|Ordinario
1569|26536|20000|QUINTO
1569|37892|1200|Ordinario
1569|39440|1200|Ordinario
1570|16622|1000|Ordinario
1570|29272|20000|QUINTO
1570|46981|1000|Ordinario
1571|20966|1000|Ordinario
1572|43785|1000|Ordinario
1573|14341|1200|Ordinario
1573|30813|1200|Ordinario
1573|31759|2000|Ordinario
1573|38755|1200|Ordinario
1574|24013|1000|Ordinario
1574|49925|20000|QUINTO
1575|01195|1200|Ordinario
1575|06184|1200|Ordinario
1576|04327|1000|Ordinario
1576|10573|1000|Ordinario
1577|25798|1200|Ordinario
1578|50572|20000|QUINTO
1580|11981|20000|QUINTO
1582|38975|1000|Ordinario
1582|48950|20000|QUINTO
1582|50069|1000|Ordinario
1584|27231|1000|Ordinario
1584|39906|1000|Ordinario
1587|02665|1000|Ordinario
1587|06922|1000|Ordinario
1588|13092|20000|QUINTO
1588|16675|1200|Ordinario
1588|17323|1200|Ordinario
1588|18994|1200|Ordinario
1588|24354|1200|Ordinario
1592|28498|20000|QUINTO
1592|42090|1000|Ordinario
1592|47937|2000|Ordinario
1593|32021|20000|QUINTO
1594|09705|3500000|MAYOR
1594|14868|1000|Ordinario
1594|25194|1000|Ordinario
1595|05558|1200|Ordinario
1595|05867|1200|Ordinario
1595|25590|20000|QUINTO
1595|25784|1200|Ordinario
1596|06746|1000|Ordinario
1596|25514|1000|Ordinario
1597|49939|300000|SEGUNDO
1598|13299|1200|Ordinario
1598|23191|1200|Ordinario
1598|30992|1200|Ordinario
1599|20526|20000|QUINTO
1599|23438|2000|Ordinario
1599|45264|50000|TERCER
1600|01815|2000|Ordinario
1600|05993|1200|Ordinario
1600|28783|1200|Ordinario
1600|36975|20000|QUINTO
1601|17969|1200|Ordinario
1601|47987|1200|Ordinario
1602|21904|1200|Ordinario
1602|37868|20000|QUINTO
1603|14361|1200|Ordinario
1603|29098|1200|Ordinario
1603|36486|1200|Ordinario
1604|30195|100000|MAYOR
1604|45703|6000000|CUARTO
1605|02689|20000|QUINTO
1605|37957|1200|Ordinario
1606|10903|20000|QUINTO
1606|22597|1200|Ordinario
1607|25471|1200|Ordinario
1607|37893|1200|Ordinario
1607|39334|1200|Ordinario
1609|05168|1200|Ordinario
1609|22157|20000|QUINTO
1609|48347|1200|Ordinario
1610|13632|3000|Ordinario
1610|28697|3000|Ordinario
1610|28857|2500|Ordinario
1610|33119|2500|Ordinario
1610|33902|2500|Ordinario
1610|41593|2500|Ordinario
1610|44083|2500|Ordinario
1610|45413|12000000|MAYOR
1610|48289|3000|Ordinario
1611|46948|20000|QUINTO
1611|47140|1200|Ordinario
1612|14299|1000|Ordinario
1612|42683|20000|QUINTO
1613|06191|1200|Ordinario
1613|06496|1200|Ordinario
1613|07005|20000|QUINTO
1613|35401|1200|Ordinario
1613|46803|1200|Ordinario
1614|12952|1200|Ordinario
1614|21800|1200|Ordinario
1614|35125|1200|Ordinario
1614|46727|20000|CUARTO
1615|18151|2000|Ordinario
1615|42318|1200|Ordinario
1616|04262|1200|Ordinario
1616|37963|1200|Ordinario
1617|16919|2000|Ordinario
1617|49599|20000|QUINTO
1618|14449|2000|Ordinario
1618|25599|2000|Ordinario
1618|38816|20000|QUINTO
1619|24692|1200|Ordinario
1619|28209|1200|Ordinario
1619|28961|1200|Ordinario
1620|07483|1200|Ordinario
1620|23752|20000|QUINTO
1621|01292|1200|Ordinario
1621|03278|1200|Ordinario
1621|27447|1200|Ordinario
1621|28229|20000|QUINTO
1622|12155|1200|Ordinario
1622|16749|1200|Ordinario
1622|20336|1200|Ordinario
1622|27976|1200|Ordinario
1623|31694|1200|Ordinario
1623|32148|1200|Ordinario
1623|32687|1200|Ordinario
1623|46037|20000|QUINTO
1624|20943|20000|QUINTO
1625|17712|20000|QUINTO
1627|01781|1200|Ordinario
1627|02054|2000|Ordinario
1627|34851|20000|QUINTO
1636|43380|20000|QUINTO
1636|44621|1200|Ordinario
1636|49859|1200|Ordinario
1640|11062|1500|Ordinario
1641|03694|1200|Ordinario
1641|10761|1200|Ordinario
1641|22700|1200|Ordinario
1641|26997|1200|Ordinario
1641|28881|2000|Ordinario
1641|41069|1200|Ordinario
1643|27672|1200|Ordinario
1643|43641|20000|QUINTO
1644|10873|5000000|MAYOR
1644|13167|1200|Ordinario
1644|25971|2000|Ordinario
1644|49983|20000|QUINTO
1648|01580|1200|Ordinario
1648|46003|20000|QUINTO
1649|25401|1200|Ordinario
1649|49824|1200|Ordinario
1650|24632|1200|Ordinario
1650|34969|20000|QUINTO
1650|43892|50000|TERCER
1650|44914|1200|Ordinario
1652|10490|1200|Ordinario
1654|19816|1200|Ordinario
1654|23510|1200|Ordinario
1654|27320|1200|Ordinario
1654|30786|1200|Ordinario
1655|12149|20000|QUINTO
1656|01266|1200|Ordinario
1656|01737|1200|Ordinario
1656|02141|1200|Ordinario
1656|44805|20000|QUINTO
1656|48946|1200|Ordinario
1657|06409|20000|QUINTO
1657|14401|3000|Ordinario
1657|21913|1200|Ordinario
1658|32715|2500|Ordinario
1659|19999|20000|QUINTO
1659|35286|1200|Ordinario
1660|12299|1200|Ordinario
1660|39522|1200|Ordinario
1660|40979|20000|QUINTO
1661|38015|6000000|MAYOR
1662|08516|20000|QUINTO
1663|24734|20000|QUINTO
1664|31316|1200|Ordinario
1664|27564|1200|Ordinario
1664|40606|1200|Ordinario
1666|35953|1200|Ordinario
1667|02949|1200|Ordinario
1667|04882|2000|Ordinario
1667|37864|20000|QUINTO
1668|23231|1200|Ordinario
1669|06267|20000|QUINTO
1669|29604|1200|Ordinario
1669|29906|1200|Ordinario
1671|02459|1200|Ordinario
1671|26047|1000|Ordinario
1671|47901|1200|Ordinario
1671|48054|2000|Ordinario
1673|03088|1200|Ordinario
1673|03398|1200|Ordinario
1673|03778|1200|Ordinario
1673|23404|1200|Ordinario
1673|48368|20000|QUINTO
1675|07347|1200|Ordinario
1675|29372|1200|Ordinario
1675|29499|1200|Ordinario
1675|28184|1200|Ordinario
1675|45760|1200|Ordinario
1675|46289|1200|Ordinario
1677|30914|1200|Ordinario
1677|31461|1200|Ordinario
1677|26147|1200|Ordinario
1680|26715|2000|Ordinario
1680|27009|1200|Ordinario
1680|35471|1200|Ordinario
1680|49844|20000|QUINTO
1682|19225|20000|QUINTO
1682|22343|1200|Ordinario
1682|41904|1200|Ordinario
1684|06356|1200|Ordinario
1684|07279|20000|QUINTO
1684|47188|1200|Ordinario
1684|47606|3000|Ordinario
1685|01781|2000|Ordinario
1685|47299|1200|Ordinario
1686|11496|1500|Ordinario
1686|45839|2500|Ordinario
1689|19725|20000|QUINTO
1689|27753|1200|Ordinario
1689|39396|1200|Ordinario
1690|16320|50000|TERCER
1690|50028|20000|QUINTO
1691|27882|20000|QUINTO
1691|40245|1200|Ordinario
1692|05083|1200|Ordinario
1692|22610|1200|Ordinario
1692|38761|20000|CUARTO
1693|24497|10000|Ordinario
1694|05416|1500|Ordinario
1694|06095|1500|Ordinario
1694|29236|2500|Ordinario
1694|26159|1500|Ordinario
1694|27738|1500|Ordinario
1694|32401|2500|Ordinario
1694|36133|1500|Ordinario
1694|37992|1500|Ordinario
1695|08856|1200|Ordinario
1695|08948|1200|Ordinario
1695|21936|1200|Ordinario
1695|31976|20000|QUINTO
1696|16190|1200|Ordinario
1698|02135|2500|Ordinario
1698|04565|1500|Ordinario
1698|05128|1500|Ordinario
1698|06777|1500|Ordinario
1699|04091|1200|Ordinario
1699|24560|3000|Ordinario
1699|29914|1200|Ordinario
1700|13995|20000|QUINTO
1700|17821|1200|Ordinario
1700|26718|1200|Ordinario
1700|27350|1200|Ordinario
1700|27640|1200|Ordinario
1700|28332|1200|Ordinario
1700|37568|1200|Ordinario
1703|03869|20000|QUINTO
1703|21909|1200|Ordinario
1704|14492|20000|QUINTO
1705|08814|1200|Ordinario
1705|14864|20000|QUINTO
1706|37355|3000|Ordinario
1706|48437|2500|Ordinario
1707|07596|1200|Ordinario
1707|28848|1200|Ordinario
1707|23601|1200|Ordinario
1707|24250|1200|Ordinario
1708|41552|1200|Ordinario
1708|47680|20000|CUARTO
1708|49798|1200|Ordinario
1708|50299|1200|Ordinario
1709|05409|1500|Ordinario
1709|07832|1500|Ordinario
1709|12959|2500|Ordinario
1709|13852|1500|Ordinario
1709|27715|1500|Ordinario
1709|33151|1500|Ordinario
1710|06467|20000|QUINTO
1710|27279|1200|Ordinario
1710|46527|1200|Ordinario
1711|44869|1200|Ordinario
1712|01900|1200|Ordinario
1712|14681|1200|Ordinario
1712|21828|1200|Ordinario
1712|32693|1200|Ordinario
1712|38822|20000|CUARTO
1713|09127|1200|Ordinario
1713|15256|1200|Ordinario
1713|16084|1200|Ordinario
1713|22015|1200|Ordinario
1713|25809|1200|Ordinario
1713|26429|1200|Ordinario
1713|33775|1200|Ordinario
1713|50002|1200|Ordinario
1714|03864|1500|Ordinario
1714|04170|1500|Ordinario
1714|12918|2500|Ordinario
1714|39695|1500|Ordinario
1714|43247|1500|Ordinario
1715|01745|1200|Ordinario
1715|08455|3000|Ordinario
1715|29760|20000|QUINTO
1716|06017|1200|Ordinario
1716|18226|1200|Ordinario
1716|26752|1200|Ordinario
1716|36800|1200|Ordinario
1716|46936|1200|Ordinario
1717|47130|1200|Ordinario
1717|48163|1200|Ordinario
1717|48731|1200|Ordinario
1718|23725|1500|Ordinario
1718|35625|1500|Ordinario
1719|04913|1200|Ordinario
1719|22731|1200|Ordinario
1719|45534|20000|QUINTO
1720|28461|400000|SEGUNDO
1720|34579|1200|Ordinario
1720|39436|20000|QUINTO
1720|43115|1200|Ordinario
1721|31075|1200|Ordinario
1721|28727|1200|Ordinario
1721|46999|1200|Ordinario
1721|47609|1200|Ordinario
1722|09358|1500|Ordinario
1722|04718|1500|Ordinario
1722|16991|1500|Ordinario
1722|39249|1500|Ordinario
1726|15446|2000|Ordinario
1726|17071|2000|Ordinario
1726|22253|30000|SEXTO
1726|47091|2000|Ordinario
1727|22203|4000|Ordinario
1728|18788|2000|Ordinario
1728|25593|30000|SEXTO
1729|02731|2000|Ordinario
1729|07488|2000|Ordinario
1729|07853|2000|Ordinario
1729|08510|2000|Ordinario
1729|14292|30000|SEXTO
1729|50203|2000|Ordinario
1730|20186|30000|SEXTO
1730|58903|2000|Ordinario
1731|01112|4000|Ordinario
1731|24538|800000|SEGUNDO
1731|39348|4000|Ordinario
1733|05604|8000000|MAYOR
1733|31202|4000|Ordinario
1734|14274|2000|Ordinario
1734|20862|50000|QUINTO
1734|25510|2000|Ordinario
1734|26131|2000|Ordinario
1734|39716|30000|SEXTO
1735|20212|1500000|SEGUNDO
1736|55029|15000000|MAYOR
1737|03085|50000|QUINTO
1737|24261|2000|Ordinario
1737|37098|2000|Ordinario
1737|60021|2000|Ordinario
1738|01927|2000|Ordinario
1738|19839|3000|Ordinario
1739|07662|30000|SEXTO
1739|30251|2000|Ordinario
1739|35865|50000|QUINTO
1739|36160|2000|Ordinario
1740|18669|30000|SEXTO
1740|51510|50000|QUINTO
1741|36558|2000|Ordinario
1741|31815|2000|Ordinario
1741|34045|30000|SEXTO
1741|55396|2000|Ordinario
1742|20083|4000|Ordinario
1742|28153|4000|Ordinario
1743|03464|30000|SEXTO
1743|17735|2000|Ordinario
1743|22168|50000|QUINTO
1743|29574|2000|Ordinario
1744|04064|50000|QUINTO
1744|22924|2000|Ordinario
1745|02822|30000|SEXTO
1745|57964|50000|QUINTO
1749|01886|2000|Ordinario
1749|49456|30000|SEXTO
1749|50263|50000|QUINTO
1750|06757|2000|Ordinario
1750|12228|2000|Ordinario
1750|34108|2000|Ordinario
1750|46119|2000|Ordinario
1750|53892|2000|Ordinario
1750|60248|50000|QUINTO
1751|47880|50000|QUINTO
1751|51596|30000|SEXTO
1751|58433|2000|Ordinario
1751|59154|2000|Ordinario
1752|22856|30000|MAYOR
1752|24498|2000|Ordinario
1752|58463|50000|SEXTO
1753|09788|50000|SEXTO
1753|28926|30000|MAYOR
1754|04301|2500|Ordinario
1754|05888|2500|Ordinario
1754|06507|2500|Ordinario
1754|06886|2500|Ordinario
1754|07126|2500|Ordinario
1754|44395|2500|Ordinario
1755|02220|30000|SEXTO
1755|50544|10000|Ordinario
1756|17636|30000|SEXTO
1756|22759|50000|QUINTO
1757|01198|4000|Ordinario
1757|50868|10000000|MAYOR
1758|22139|50000|QUINTO
1758|31578|2000|Ordinario
1758|35723|30000|SEXTO
1758|44395|2000|Ordinario
1759|12801|2000|Ordinario
1759|17990|2000|Ordinario
1759|19746|30000|SEXTO
1759|37852|2000|Ordinario
1759|39675|2000|Ordinario
1759|46927|2000|Ordinario
1760|07815|2000|Ordinario
1760|27978|2000|Ordinario
1760|56023|2000|Ordinario
1760|58322|30000|SEXTO
1761|09045|50000|QUINTO
1761|24969|30000|SEXTO
1761|34238|2000|Ordinario
1763|36546|2000|Ordinario
1763|38498|2000|Ordinario
1763|40577|2000|Ordinario
1763|55206|2000|Ordinario
1763|60752|50000|QUINTO
1765|04316|2000|Ordinario
1765|05279|2000|Ordinario
1765|08042|3000|Ordinario
1765|19690|50000|QUINTO
1765|42220|2000|Ordinario
1765|52689|500000|SEGUNDO
1765|58185|2000|Ordinario
1765|59635|2000|Ordinario
1767|07466|2000|Ordinario
1767|11540|30000|SEXTO
1767|23594|50000|QUINTO
1768|04196|50000|QUINTO
1768|18246|30000|SEXTO
1768|25694|2000|Ordinario
1768|45674|2000|Ordinario
1769|09456|2000|Ordinario
1769|20093|100000|CUARTO
1769|28539|2000|Ordinario
1769|36725|2000|Ordinario
1769|47597|2000|Ordinario
1770|01583|4000|Ordinario
1770|03007|4000|Ordinario
1770|04453|4000|Ordinario
1770|30142|4000|Ordinario
1770|32068|4000|Ordinario
1771|32243|2000|Ordinario
1771|40241|2000|Ordinario
1771|45810|30000|SEXTO
1771|51859|2000|Ordinario
1772|02020|50000|QUINTO
1772|27019|2000|Ordinario
1772|27677|2000|Ordinario
1772|45259|30000|SEXTO
1773|10936|50000|QUINTO
1773|13890|30000|SEXTO
1773|27330|2000|Ordinario
1774|03110|2000|Ordinario
1774|06568|2000|Ordinario
1774|07233|2000|Ordinario
1774|29469|50000|QUINTO
1774|44213|2000|Ordinario
1774|59330|2000|Ordinario
1775|11065|4000|Ordinario
1775|11984|5000|Ordinario
1775|12096|4000|Ordinario
1776|02640|3000|Ordinario
1776|11565|50000|QUINTO
1776|05856|2000|Ordinario
1776|21454|2000|Ordinario
1777|27898|2000|Ordinario
1777|36471|2000|Ordinario
1777|49189|2000|Ordinario
1777|49426|50000|QUINTO
1777|53179|2000|Ordinario
1777|58894|3000|Ordinario
1777|59652|2000|Ordinario
1778|41852|50000|QUINTO
1778|43673|30000|SEXTO
1779|10797|4000|Ordinario
1779|29245|4000|Ordinario
1779|31491|4000|Ordinario
1779|32017|4000|Ordinario
1779|34580|4000|Ordinario
1780|18456|2000|Ordinario
1780|54509|50000|QUINTO
1781|01265|4000|Ordinario
1781|52002|8000000|MAYOR
1782|11875|2000|Ordinario
1782|17379|2000|Ordinario
1782|38096|2000|Ordinario
1782|34432|2000|Ordinario
1782|43282|3000|Ordinario
1782|46039|2000|Ordinario
1782|50348|2000|Ordinario
1783|07090|30000000|MAYOR
1784|38110|750000|SEGUNDO
1785|13329|2000|Ordinario
1785|13833|2000|Ordinario
1785|14255|2000|Ordinario
1785|18969|2000|Ordinario
1785|22355|30000|SEXTO
1785|57679|50000|QUINTO
1786|14662|50000|QUINTO
1786|28560|2000|Ordinario
1786|28867|2000|Ordinario
1786|34409|30000|SEXTO
1787|19822|30000|SEXTO
1787|21059|3000|Ordinario
1788|21954|30000|SEXTO
1788|36389|2000|Ordinario
1788|37113|2000|Ordinario
1788|38578|3000|Ordinario
1788|43788|2000|Ordinario
1789|25182|2000|Ordinario
1789|33737|50000|QUINTO
1789|43298|3000|Ordinario
1790|07449|4000|Ordinario
1790|27719|4000|Ordinario
1791|30197|3000|Ordinario
1791|30681|2000|Ordinario
1791|35114|50000|QUINTO
1791|52593|2000|Ordinario
1792|21437|30000|SEXTO
1792|27909|2000|Ordinario
1792|28434|2000|Ordinario
1792|51933|50000|QUINTO
1793|07354|2000|Ordinario
1793|14106|2000|Ordinario
1793|24091|30000|SEXTO
1793|27989|2000|Ordinario
1793|28795|2000|Ordinario
1793|51546|2000|Ordinario
1794|35115|30000|SEXTO
1794|39990|50000|QUINTO
1795|01975|4000|Ordinario
1795|08061|4000|Ordinario
1795|09003|4000|Ordinario
1795|24215|4000|Ordinario
1795|32668|8000000|MAYOR
1796|31285|2000|Ordinario
1796|32350|30000|SEXTO
1796|54282|2000|Ordinario
1796|57886|50000|QUINTO
1797|05039|2000|Ordinario
1797|05398|50000|QUINTO
1797|15558|2000|Ordinario
1797|44977|10000|Ordinario
1798|22025|4000|Ordinario
1798|42100|4000|Ordinario
1799|05800|2000|Ordinario
1799|39034|50000|QUINTO
1799|43838|30000|SEXTO
1800|05031|60000|QUINTO
1800|17712|3000|Ordinario
1800|23955|40000|SEXTO
1800|24790|3000|Ordinario
1800|28888|3000|Ordinario
1800|29141|3000|Ordinario
1800|30042|3000|Ordinario
1800|30937|3000|Ordinario
1801|02035|60000|QUINTO
1801|50332|3000|Ordinario
1801|51894|3000|Ordinario
1802|02554|3000|Ordinario
1802|05512|4000|Ordinario
1802|35974|60000|QUINTO
1802|45678|40000|SEXTO
1803|31504|3400|Ordinario
1803|32023|3400|Ordinario
1803|33048|3400|Ordinario
1804|39660|3000|Ordinario
1804|44046|3000|Ordinario
1804|49789|3000|Ordinario
1804|54093|60000|QUINTO
1804|58638|40000|SEXTO
1805|26268|3000|Ordinario
1805|28826|3000|Ordinario
1805|59471|3000|Ordinario
1805|60497|3000|Ordinario
1806|01368|4000|Ordinario
1806|06259|4000|Ordinario
1806|07131|4000|Ordinario
1806|17752|8000000|MAYOR
1807|01468|3000|Ordinario
1807|31980|40000|SEXTO
1808|05597|3000|Ordinario
1808|05804|3000|Ordinario
1808|06423|3000|Ordinario
1808|07413|4000|Ordinario
1808|08294|3000|Ordinario
1808|10969|40000|SEXTO
1808|34247|60000|QUINTO
1808|59495|3000|Ordinario
1809|11848|3000|Ordinario
1809|14047|3000|Ordinario
1809|19213|60000|QUINTO
1809|29272|40000|SEXTO
1809|36623|3000|Ordinario
1809|53339|3000|Ordinario
1810|01095|5000|Ordinario
1810|05295|5000|Ordinario
1810|05455|5000|Ordinario
1810|05559|5000|Ordinario
1810|36005|5000|Ordinario
1811|26855|3000|Ordinario
1811|27536|60000|SEXTO
1811|43144|40000|MAYOR
1812|21965|60000|QUINTO
1812|34912|3000|Ordinario
1812|54560|3000|Ordinario
1813|07626|3000|Ordinario
1813|15895|60000|QUINTO
1813|29840|3000|Ordinario
1813|45606|3000|Ordinario
1814|07827|4000|Ordinario
1814|08044|4000|Ordinario
1814|23315|4000|Ordinario
1814|40611|4000|Ordinario
1814|41237|4000|Ordinario
1814|53564|8000000|MAYOR
1815|30057|3000|Ordinario
1815|30934|3000|Ordinario
1815|52320|3000|Ordinario
1816|17788|3000|Ordinario
1816|31009|3000|Ordinario
1816|38032|3000|Ordinario
1816|35863|3000|Ordinario
1816|46369|60000|QUINTO
1816|57952|3000|Ordinario
1817|11826|3000|Ordinario
1817|32447|3000|Ordinario
1817|51567|60000|QUINTO
1817|54360|40000|SEXTO
1818|48484|3000|Ordinario
1818|50758|60000|SEXTO
1818|51703|3000|Ordinario
1819|01197|5000|Ordinario
1819|35781|4000|Ordinario
1820|29046|3000|Ordinario
1820|41665|60000|SEXTO
1820|58893|3000|Ordinario
1821|10935|60000|QUINTO
1821|10993|40000|SEXTO
1822|42956|40000|SEXTO
1822|55081|60000|QUINTO
1823|01944|4000|Ordinario
1824|22137|60000|QUINTO
1824|57960|40000|SEXTO
1825|27205|60000|QUINTO
1825|60593|40000|SEXTO
1826|24998|60000|QUINTO
1826|41334|40000|SEXTO
1828|22402|40000|SEXTO
1828|27713|3000|Ordinario
1828|28143|3000|Ordinario
1828|42403|3000|Ordinario
1829|32627|3000|Ordinario
1829|33325|3000|Ordinario
1829|34836|40000|SEXTO
1829|48324|60000|QUINTO
1830|12077|4000|Ordinario
1831|46756|36000000|MAYOR
1832|05086|3400|Ordinario
1832|07187|4000|Ordinario
1832|19912|3400|Ordinario
1832|26463|3400|Ordinario
1832|41019|3400|Ordinario
1833|01675|3000|Ordinario
1833|08751|60000|QUINTO
1833|31593|3000|Ordinario
1833|45299|3000|Ordinario
1833|47545|3000|Ordinario
1833|48719|3000|Ordinario
1834|10075|3000|Ordinario
1834|30052|3000|Ordinario
1834|37505|3000|Ordinario
1834|40618|60000|QUINTO
1835|04944|3000|Ordinario
1835|26520|40000|MAYOR
1835|28757|60000|SEXTO
1836|07571|60000|QUINTO
1836|43279|3000|Ordinario
1836|45041|3000|Ordinario
1837|24292|3000|Ordinario
1837|28409|3000|Ordinario
1838|11101|4000|Ordinario
1838|17375|4000|Ordinario
1838|39115|4000|Ordinario
1839|15030|3000|Ordinario
1839|20888|60000|QUINTO
1839|35869|600000|SEGUNDO
1839|30955|3000|Ordinario
1839|43288|3000|Ordinario
1840|28542|3000|Ordinario
1840|28730|3000|Ordinario
1840|29023|3000|Ordinario
1840|31049|3000|Ordinario
1840|44546|60000|QUINTO
1840|45812|40000|SEXTO
1841|37427|60000|QUINTO
1841|43718|40000|SEXTO
1842|28304|3000|Ordinario
1842|41558|40000|SEXTO
1842|47317|60000|QUINTO
1842|53781|3000|Ordinario
1843|38878|4000|Ordinario
1843|39334|4000|Ordinario
1843|40348|4000|Ordinario
1843|41054|4000|Ordinario
1844|36436|3000|Ordinario
1844|45205|3000|Ordinario
1844|48639|3000|Ordinario
1845|22888|4000|Ordinario
1845|39011|40000|SEXTO
1846|12317|5000|Ordinario
1846|29459|10000000|MAYOR
1847|05890|60000|QUINTO
1847|25851|3000|Ordinario
1847|30942|3000|Ordinario
1847|31237|3000|Ordinario
1847|31653|12000|Ordinario
1848|01135|60000|SEXTO
1848|24763|3000|Ordinario
1848|41934|3000|Ordinario
1848|54371|3000|Ordinario
1849|18890|3000|Ordinario
1849|40619|3000|Ordinario
1849|52728|40000|SEXTO
1850|15040|3000|Ordinario
1850|57485|3000|Ordinario
1851|01031|4000|Ordinario
1851|02060|3400|Ordinario
1851|04186|3400|Ordinario
1851|04643|3400|Ordinario
1851|39382|3400|Ordinario
1851|45205|3400|Ordinario
1852|06292|3000|Ordinario
1852|18621|3000|Ordinario
1852|23074|60000|QUINTO
1852|25129|3000|Ordinario
1853|26305|60000|SEXTO
1853|29211|3000|Ordinario
1853|52283|3000|Ordinario
1853|54920|3000|Ordinario
1853|55570|3000|Ordinario
1853|55938|40000|SEGUNDO
1854|07683|5000|Ordinario
1854|30643|4000|Ordinario
1855|17684|3000|Ordinario
1855|18144|3000|Ordinario
1855|26981|3000|Ordinario
1855|27438|3000|Ordinario
1855|31082|3000|Ordinario
1855|51842|60000|QUINTO
1856|04612|3000|Ordinario
1856|06110|3000|Ordinario
1856|12857|6000000|MAYOR
1856|32080|3000|Ordinario
1856|37064|40000|SEXTO
1857|07042|40000|SEXTO
1857|59413|60000|QUINTO
1858|02990|40000|SEXTO
1858|26465|3000|Ordinario
1858|27279|3000|Ordinario
1858|57079|3000|Ordinario
1860|08204|4000|Ordinario
1860|27956|5000|Ordinario
1861|44485|40000|SEXTO
1861|44726|60000|QUINTO
1862|09141|4000|Ordinario
1862|18302|4000|Ordinario
1862|23642|4000|Ordinario
1862|32951|4000|Ordinario
1862|32967|4000|Ordinario
1862|33509|4000|Ordinario
1862|34288|4000|Ordinario
1863|03517|40000|SEXTO
1863|32721|3000|Ordinario
1863|54890|60000|QUINTO
1864|28529|3000|Ordinario
1864|16625|60000|QUINTO
1864|43332|3000|Ordinario
1864|57920|40000|SEGUNDO
1865|02465|4000|Ordinario
1865|31542|5000|Ordinario
1865|33114|4000|Ordinario
1865|38265|4000|Ordinario
1865|52879|4000|Ordinario
1866|21900|40000|SEXTO
1866|56928|3000|Ordinario
1867|08291|4000|Ordinario
1867|03079|4000|Ordinario
1867|22571|4000|Ordinario
1868|08253|3000|Ordinario
1868|04235|4000|Ordinario
1868|04758|3000|Ordinario
1868|05195|3000|Ordinario
1868|06450|60000|QUINTO
1869|26487|4000|Ordinario
1869|31218|4000|Ordinario
1869|33534|4000|Ordinario
1869|49575|11000000|MAYOR
1870|29944|60000|QUINTO
1870|46215|40000|SEXTO
1871|08722|5000|Ordinario
1871|17720|4000|Ordinario
1871|24551|5000|Ordinario
1872|42202|3000|Ordinario
1872|50378|60000|QUINTO
1872|54830|40000|SEXTO
1873|06148|4000|Ordinario
1873|16952|4000|Ordinario
1873|37040|4000|Ordinario
1873|33703|8000000|MAYOR
1873|60385|4000|Ordinario
1874|17065|3000|Ordinario
1874|29749|3000|Ordinario
1874|34014|180000|TERCER
1875|03651|4000|Ordinario
1875|04190|4000|Ordinario
1875|04655|4000|Ordinario
1875|13869|4000|Ordinario
1875|28993|800000|SEGUNDO
1875|40948|4000|Ordinario
1875|50843|4000|Ordinario
1876|19640|40000|SEXTO
1876|28847|3000|Ordinario
1876|55900|60000|QUINTO
1877|25986|15000|Ordinario
1877|43575|4000|Ordinario
1878|28891|14000000|MAYOR
1879|29140|4000|Ordinario
1879|31207|4000|Ordinario
1881|07926|3400|Ordinario
1881|23055|3400|Ordinario
1881|32552|18000000|MAYOR
1881|37259|3400|Ordinario
1882|21958|3000|Ordinario
1882|22658|40000|SEXTO
1882|30207|3000|Ordinario
1882|30425|3000|Ordinario
1882|30638|3000|Ordinario
1882|31255|12000|Ordinario
1882|32419|3000|Ordinario
1882|54613|180000|TERCER
1883|01778|4000|Ordinario
1883|02354|4000|Ordinario
1883|02804|4000|Ordinario
1883|08569|8000000|MAYOR
1883|18472|4000|Ordinario
1883|38467|4000|Ordinario
1883|39033|4000|Ordinario
1884|05308|3000|Ordinario
1884|49902|60000|QUINTO
1885|08964|8000000|MAYOR
1886|07789|3000|Ordinario
1886|03200|3000|Ordinario
1886|05096|4000|Ordinario
1886|27790|3000|Ordinario
1886|44822|3000|Ordinario
1886|51135|3000|Ordinario
1887|12071|4000|Ordinario
1887|29384|4000|Ordinario
1887|30047|4000|Ordinario
1887|30862|4000|Ordinario
1887|33258|4000|Ordinario
1887|33794|4000|Ordinario
1887|37067|8000000|MAYOR
1888|04866|40000|SEXTO
1888|51162|60000|QUINTO
1889|31120|4000|Ordinario
1889|31377|5000|Ordinario
1889|47895|4000|Ordinario
1890|02312|60000|QUINTO
1890|35678|3000|Ordinario
1890|31840|40000|SEXTO
1890|51368|4000|Ordinario
1891|29648|3000|Ordinario
1891|36387|40000|SEXTO
1891|53306|600000|SEGUNDO
