sorteo|numero|actual|nuevo|causa
1597|41991|SEGUNDO|MAYOR|nota y PDF: mayor real no vendido
1597|24965|MAYOR|SEGUNDO|PDF: caja real SEGUNDO
1597|24965|monto:8000000.00|monto:300000.00|monto del pote textual; caja muestra C$300,000
1604|30195|CUARTO|MAYOR|nota y PDF: mayor real vendido
1604|30195|monto:100000.00|monto:6000000.00|PDF: caja del mayor C$6,000,000 (partida por columna)
1604|45703|MAYOR|CUARTO|PDF: caja real CUARTO
1604|45703|monto:6000000.00|monto:100000.00|PDF: caja CUARTO C$100,000
1604|38983|Ordinario|SEGUNDO|PDF: caja real SEGUNDO C$300,000
1735|03650|TERCER|MAYOR|nota y PDF: mayor real vendido
1735|03650|monto:1000000.00|monto:30000000.00|PDF: caja del mayor C$30 MILLONES
1735|15415|MAYOR|TERCER|PDF: caja real TERCER
1735|15415|monto:1500000.00|monto:1000000.00|PDF: caja TERCER C$1,000,000
1736|55029|SEGUNDO|MAYOR|nota y PDF: mayor real no vendido
1736|28790|MAYOR|SEGUNDO|PDF: caja real SEGUNDO
1736|28790|monto:15000000.00|monto:750000.00|monto del pote textual; caja muestra C$750,000
1805|32801|CUARTO|MAYOR|nota y PDF: mayor real vendido
1805|32801|monto:40000.00|monto:6000000.00|PDF: caja del mayor C$6,000,000 (partida por columna)
1805|07760|MAYOR|SEGUNDO|PDF: caja real SEGUNDO
1805|07760|monto:115000.00|monto:600000.00|PDF: caja SEGUNDO C$600,000
1820|46316|SEXTO|MAYOR|nota y PDF: mayor real no vendido
1820|46316|monto:40000.00|monto:6000000.00|PDF: caja del mayor C$6,000,000
1820|41665|MAYOR|QUINTO|PDF: caja real QUINTO
1820|60786|Ordinario|SEGUNDO|PDF: caja real SEGUNDO C$600,000
1825|40888|QUINTO|MAYOR|nota y PDF: mayor real vendido
1825|40888|monto:40000.00|monto:6000000.00|PDF: caja del mayor C$6,000,000
1825|24341|MAYOR|CUARTO|PDF: caja real CUARTO
1825|27205|CUARTO|QUINTO|PDF: caja real QUINTO
1825|03723|Ordinario|SEGUNDO|PDF: caja real SEGUNDO C$600,000
1836|14475|QUINTO|MAYOR|nota y PDF: mayor real vendido
1836|14475|monto:60000.00|monto:6000000.00|PDF: caja del mayor C$6,000,000
1836|19497|MAYOR|CUARTO|PDF: caja real CUARTO
1836|07571|CUARTO|QUINTO|PDF: caja real QUINTO
1836|54228|Ordinario|SEGUNDO|PDF: caja real SEGUNDO C$600,000
1880|14271|SEXTO|MAYOR|nota y PDF: mayor real vendido
1880|14271|monto:50000.00|monto:36000000.00|PDF: caja del mayor C$36 MILLONES
1880|31740|MAYOR|SEGUNDO|PDF: caja real SEGUNDO
1880|46543|SEGUNDO|TERCER|PDF: caja real TERCER
1880|23503|TERCER|SEXTO|PDF: caja real SEXTO
1883|08569|TERCER|MAYOR|nota y PDF: mayor real vendido
1883|53009|MAYOR|TERCER|PDF: caja real TERCER
1883|53009|monto:9000000.00|monto:160000.00|PDF: caja TERCER C$160,000
1883|49286|Ordinario|SEGUNDO|PDF: caja real SEGUNDO C$800,000
1889|37913|QUINTO|MAYOR|nota y PDF: mayor real vendido
1889|37913|monto:40000.00|monto:8000000.00|PDF: caja del mayor C$8 MILLONES
1889|27288|MAYOR|CUARTO|PDF: caja real CUARTO
1889|26920|CUARTO|QUINTO|PDF: caja real QUINTO
1889|29562|Ordinario|SEGUNDO|PDF: caja real SEGUNDO C$800,000
1937|05796|TERCER|MAYOR|nota y PDF: mayor real vendido
1937|05796|monto:250000.00|monto:10000000.00|PDF: caja del mayor C$10 MILLONES
1937|25975|MAYOR|TERCER|PDF: caja real TERCER
1937|52209|Ordinario|SEGUNDO|PDF: caja real SEGUNDO C$1,000,000
2019|39463|TERCER|MAYOR|nota y PDF: mayor real vendido
2019|39463|monto:40000.00|monto:12000000.00|PDF: caja del mayor C$12 MILLONES
2019|52196|MAYOR|TERCER|PDF: caja real TERCER
2019|58970|Ordinario|SEGUNDO|PDF: caja real SEGUNDO C$800,000
2096|32819|CUARTO|MAYOR|nota y PDF: mayor real vendido
2096|32819|monto:120000.00|monto:8000000.00|PDF: caja del mayor C$8 MILLONES
2096|27545|MAYOR|CUARTO|PDF: caja real CUARTO
2096|27545|monto:8000000.00|monto:120000.00|PDF: caja CUARTO C$120,000
2096|36302|Ordinario|SEGUNDO|PDF: caja real SEGUNDO C$800,000
2115|30955|SEGUNDO|MAYOR|nota y PDF: mayor real vendido
2115|30955|monto:160000.00|monto:12000000.00|PDF: caja del mayor C$12 MILLONES
2115|17070|MAYOR|SEGUNDO|PDF: caja real SEGUNDO
2115|35159|Destacado|TERCER|PDF: caja real TERCER
2115|35159|monto:NULL|monto:160000.00|PDF: caja TERCER C$160,000
2131|51759|CUARTO|MAYOR|nota y PDF: mayor real vendido
2131|51759|monto:50000.00|monto:29000000.00|PDF: caja del mayor C$29 MILLONES
2131|13003|MAYOR|CUARTO|PDF: caja real CUARTO
2131|49372|Ordinario|SEGUNDO|PDF: caja real SEGUNDO C$2,000,000
2179|06912|TERCER|MAYOR|nota y PDF: mayor real vendido
2179|06912|monto:40000.00|monto:8000000.00|PDF: caja del mayor C$8 MILLONES
2179|06658|MAYOR|SEGUNDO|PDF: caja real SEGUNDO
2179|06658|monto:160000.00|monto:800000.00|PDF: caja SEGUNDO C$800,000
2179|01902|monto:NULL|monto:40000.00|PDF: caja SEXTO C$40,000
2193|01745|QUINTO|MAYOR|nota y PDF: mayor real vendido
2193|01745|monto:100000.00|monto:10000000.00|PDF: caja del mayor C$10 MILLONES
2193|44000|MAYOR|TERCER|PDF: caja real TERCER
2193|03111|TERCER|QUINTO|PDF: caja real QUINTO
2193|31754|Ordinario|SEGUNDO|PDF: caja real SEGUNDO C$1,000,000
2232|36542|CUARTO|MAYOR|nota y PDF: mayor real vendido
2232|36542|monto:100000.00|monto:8000000.00|PDF: caja del mayor C$8 MILLONES
2232|34215|MAYOR|CUARTO|PDF: caja real CUARTO
2232|34215|monto:800000.00|monto:120000.00|PDF: caja CUARTO C$120,000
2232|36544|monto:120000.00|monto:800000.00|PDF: caja SEGUNDO C$800,000 (tipo por id, fila duplicada en cuadricula)
2260|17950|SEXTO|MAYOR|nota y PDF: mayor real vendido
2260|17950|monto:45000.00|monto:18000000.00|PDF: caja del mayor C$18 MILLONES
2260|51225|MAYOR|TERCER|PDF: caja real TERCER
2260|49969|TERCER|SEXTO|PDF: caja real SEXTO
2260|08869|monto:NULL|monto:100000.00|PDF: caja QUINTO C$100,000
2260|41315|Ordinario|SEGUNDO|PDF: caja real SEGUNDO C$1,500,000
2264|48850|monto:NULL|monto:8000000.00|PDF: caja del mayor C$8 MILLONES
2264|16176|MAYOR|QUINTO|PDF: caja real QUINTO
2264|28850|QUINTO|SEXTO|PDF: caja real SEXTO (comparte terminacion con la nota)
2264|10774|Ordinario|SEGUNDO|PDF: caja real SEGUNDO C$800,000
2271|42328|QUINTO|MAYOR|nota y PDF: mayor real vendido
2271|42328|monto:100000.00|monto:10000000.00|PDF: caja del mayor C$10 MILLONES
2271|49170|MAYOR|TERCER|PDF: caja real TERCER
2271|25646|TERCER|QUINTO|PDF: caja real QUINTO
2271|25146|Ordinario|SEGUNDO|PDF: caja real SEGUNDO C$1,000,000
2273|13832|CUARTO|MAYOR|nota y PDF: mayor real no vendido
2273|13832|monto:45000.00|monto:12000000.00|PDF: caja del mayor C$12 MILLONES
2273|15267|MAYOR|CUARTO|PDF: caja real CUARTO
2273|35945|Ordinario|SEGUNDO|PDF: caja real SEGUNDO C$1,000,000
2287|10363|SEXTO|MAYOR|nota y PDF: mayor real vendido
2287|10363|monto:45000.00|monto:12000000.00|PDF: caja del mayor C$12 MILLONES
2287|17019|MAYOR|QUINTO|PDF: caja real QUINTO
2287|19157|QUINTO|SEXTO|PDF: caja real SEXTO
2287|35540|Ordinario|SEGUNDO|PDF: caja real SEGUNDO C$1,000,000
