sorteo|directos|emparejados|sueltos|tiers|error
1356|0|547|0|13|
1357|0|547|0|11|
1358|0|546|1|12|
1360|0|547|0|11|
1361|0|547|0|11|
1362|0|547|0|11|
1363|0|547|0|11|
1364|0|547|0|11|
1438|0|737|0|13|
1439|0|614|0|14|
1440|0|738|0|14|
1441|0|738|0|14|
1442|0|658|0|15|
1443|0|657|1|14|
1444|0|656|2|12|
1445|0|656|2|12|
1446|0|657|1|12|
1447|0|656|2|11|
1451|0|658|0|15|
1452|0|658|0|14|
1453|0|658|0|12|
1454|0|615|0|14|
1455|0|613|1|14|
1456|0|609|1|13|
1457|0|657|1|15|
1458|0|657|1|13|
1459|0|610|0|15|
1460|0|609|0|14|
1461|0|609|0|16|
1462|0|609|0|13|
1463|0|608|2|14|
1464|0|657|1|14|
1465|0|657|1|12|
1466|0|609|2|15|
1467|0|610|1|14|
1468|0|609|2|13|
1469|0|609|0|15|
1470|0|611|1|14|
1471|0|657|1|14|
1472|0|607|2|13|
1474|0|609|2|12|
1476|0|605|4|11|
1477|0|606|3|14|
1478|0|608|2|12|
1479|0|657|1|12|
1480|0|606|4|14|
1481|0|606|4|14|
1482|0|606|3|12|
1483|0|608|2|13|
1484|0|658|0|16|
1485|0|608|1|13|
1486|0|607|2|15|
1487|0|609|2|14|
1488|0|657|1|14|
1489|0|618|3|14|
1490|0|622|4|14|
1492|0|458|0|12|
1493|0|458|0|12|
1494|0|627|2|13|
1495|0|658|0|14|
1496|0|656|2|13|
1497|0|658|0|15|
1498|0|658|0|13|
1499|0|619|1|13|
1500|0|657|1|13|
1501|0|658|0|12|
1502|0|657|1|13|
1503|0|645|0|14|
1504|0|657|1|13|
1505|0|658|0|15|
1506|0|656|2|11|
1507|0|658|0|14|
1508|0|658|0|12|
1509|0|658|0|12|
1510|0|658|0|12|
1511|0|658|0|14|
1512|0|658|0|12|
1514|0|624|0|13|
1515|0|616|0|12|
1516|0|658|0|12|
1517|0|658|0|11|
1518|0|641|0|12|
1520|0|658|0|14|
1521|0|625|0|12|
1523|0|658|0|12|
1524|0|637|0|14|
1526|0|654|0|13|
1527|0|658|0|10|
1528|0|657|0|12|
1529|0|625|0|12|
1530|0|658|0|13|
1531|0|656|2|11|
1533|0|638|0|15|
1534|0|654|4|13|
1536|0|657|1|13|
1537|0|658|0|11|
1538|0|655|3|12|
1539|0|657|1|12|
1540|0|456|2|11|
1541|0|456|2|13|
1544|0|655|3|10|
1545|0|656|2|11|
1546|0|656|2|9|
1548|0|656|2|13|
1549|0|656|1|9|
1550|0|655|3|10|
1551|0|653|5|12|
1552|0|654|4|11|
1554|0|657|1|10|
1555|0|656|2|11|
1564|0|657|1|9|
1565|0|654|4|11|
1566|0|657|1|12|
1567|0|655|3|11|
1568|0|655|2|10|
1569|0|654|4|11|
1570|0|655|3|10|
1571|0|657|1|10|
1572|0|657|1|12|
1573|0|654|4|15|
1574|0|656|2|11|
1575|0|656|2|11|
1576|0|656|2|13|
1577|0|657|1|13|
1578|0|657|1|11|
1580|0|657|1|12|
1582|0|655|3|13|
1584|0|656|2|11|
1587|0|656|2|11|
1588|0|653|5|10|
1592|0|655|3|14|
1593|0|657|1|11|
1594|0|655|3|12|
1595|0|654|4|13|
1596|0|655|2|10|
1597|0|457|1|11|
1598|0|655|3|13|
1599|0|655|3|11|
1600|0|654|4|12|
1601|0|655|2|12|
1602|0|656|2|12|
1603|0|655|3|13|
1604|0|456|2|13|
1605|0|656|2|13|
1606|0|656|2|12|
1607|0|655|3|12|
1609|0|655|3|13|
1610|0|449|9|13|
1611|0|656|2|13|
1612|0|656|2|11|
1613|0|653|5|14|
1614|0|654|4|12|
1615|0|656|2|12|
1616|0|656|2|12|
1617|0|656|2|11|
1618|0|655|3|10|
1619|0|655|3|12|
1620|0|655|2|11|
1621|0|653|4|11|
1622|0|654|4|13|
1623|0|654|4|13|
1624|0|657|1|10|
1625|0|657|1|11|
1626|0|458|0|12|
1627|0|655|3|13|
1630|0|457|0|11|
1636|0|655|3|12|
1637|0|457|0|11|
1639|0|458|0|14|
1640|0|457|1|12|
1641|0|652|6|13|
1643|0|656|2|12|
1644|0|654|4|12|
1648|0|656|2|12|
1649|0|656|2|14|
1650|0|654|4|11|
1652|0|657|1|12|
1654|0|654|4|14|
1655|0|657|1|13|
1656|0|653|5|11|
1657|0|654|3|12|
1658|0|457|1|12|
1659|0|656|2|10|
1660|0|655|3|12|
1661|0|457|1|10|
1662|0|657|1|13|
1663|0|657|1|11|
1664|0|655|3|11|
1665|0|458|1|11|
1666|0|657|1|14|
1667|0|655|3|11|
1668|0|657|1|14|
1669|0|655|3|11|
1670|0|457|0|10|
1671|0|654|4|13|
1673|0|653|5|12|
1674|0|457|0|12|
1675|0|652|6|12|
1677|0|655|3|13|
1679|0|458|0|12|
1680|0|654|4|12|
1681|0|654|4|10|
1682|0|655|3|14|
1683|0|458|0|13|
1684|0|654|4|12|
1685|0|656|2|13|
1686|0|456|2|14|
1687|0|458|0|12|
1688|0|458|0|12|
1689|0|655|3|13|
1690|0|656|2|9|
1691|0|656|2|11|
1692|0|655|3|12|
1693|0|657|1|12|
1694|0|450|8|16|
1695|0|654|4|12|
1696|0|657|1|11|
1698|0|454|4|15|
1699|0|655|3|12|
1700|0|650|7|13|
1703|0|656|2|13|
1704|0|657|1|14|
1705|0|656|2|11|
1706|0|456|2|13|
1707|0|654|4|14|
1708|0|654|4|14|
1709|0|452|6|13|
1710|0|655|3|11|
1711|0|657|1|13|
1712|0|653|5|12|
1713|0|650|8|12|
1714|0|453|5|14|
1715|0|655|3|13|
1716|0|653|5|13|
1717|0|655|3|12|
1718|0|456|2|15|
1719|0|655|3|11|
1720|0|654|4|11|
1721|0|654|4|12|
1722|0|454|4|13|
1725|0|655|3|13|
1726|0|654|4|12|
1727|0|457|1|14|
1728|0|656|2|12|
1729|0|652|6|13|
1730|0|656|2|12|
1731|0|455|3|13|
1733|0|456|2|15|
1734|0|653|5|11|
1735|0|457|1|12|
1736|0|457|1|11|
1737|0|654|4|11|
1738|0|656|2|15|
1739|0|654|4|13|
1740|0|656|2|13|
1741|0|654|4|13|
1742|0|456|2|14|
1743|0|654|4|12|
1744|0|656|2|14|
1745|0|656|2|12|
1749|0|655|3|11|
1750|0|652|6|13|
1751|0|654|4|13|
1752|0|655|3|12|
1753|0|656|2|12|
1754|0|452|6|15|
1755|0|656|2|11|
1756|0|656|2|12|
1757|0|456|2|12|
1758|0|654|4|13|
1759|0|650|6|14|
1760|0|654|4|13|
1761|0|655|3|12|
1763|0|653|5|13|
1765|0|650|8|13|
1767|0|655|3|10|
1768|0|654|4|11|
1769|0|653|5|13|
1770|0|453|5|16|
1771|0|654|4|12|
1772|0|654|4|11|
1773|0|655|3|11|
1774|0|652|6|13|
1775|0|455|3|15|
1776|0|654|4|10|
1777|0|651|7|13|
1778|0|656|2|10|
1779|0|453|5|12|
1780|0|656|2|12|
1781|0|456|2|14|
1782|0|651|7|13|
1783|0|457|1|13|
1784|0|457|1|13|
1785|0|652|6|12|
1786|0|654|4|13|
1787|0|656|2|12|
1788|0|653|5|11|
1789|0|655|3|12|
1790|0|456|2|14|
1791|0|654|4|14|
1792|0|654|4|10|
1793|0|652|6|11|
1794|0|656|2|12|
1795|0|453|5|11|
1796|0|654|4|11|
1797|0|654|4|12|
1798|0|456|2|13|
1799|0|655|3|10|
1800|0|650|8|11|
1801|0|655|3|13|
1802|0|654|4|12|
1803|0|455|3|15|
1804|0|653|5|12|
1805|0|654|4|12|
1806|0|454|4|15|
1807|0|656|2|12|
1808|0|650|8|12|
1809|0|652|6|12|
1810|0|453|5|15|
1811|0|655|3|12|
1812|0|655|3|13|
1813|0|654|4|13|
1814|0|452|6|13|
1815|0|655|3|12|
1816|0|652|6|12|
1817|0|654|4|11|
1818|0|655|3|13|
1819|0|456|2|13|
1820|0|655|3|16|
1821|0|656|2|12|
1822|0|656|2|12|
1823|0|457|1|12|
1824|0|656|2|10|
1825|0|656|2|12|
1826|0|656|2|12|
1827|0|458|0|11|
1828|0|654|4|13|
1829|0|654|4|11|
1830|0|457|1|11|
1831|0|457|1|11|
1832|0|452|5|15|
1833|0|652|6|14|
1834|0|654|4|13|
1835|0|655|3|11|
1836|0|655|3|12|
1837|0|656|2|12|
1838|0|455|3|13|
1839|0|653|5|11|
1840|0|652|6|11|
1841|0|656|2|12|
1842|0|654|4|11|
1843|0|454|4|13|
1844|0|655|3|15|
1845|0|656|2|11|
1846|0|456|2|12|
1847|0|653|5|15|
1848|0|654|4|12|
1849|0|655|3|13|
1850|0|656|2|13|
1851|0|451|6|13|
1852|0|654|4|11|
1853|0|652|6|12|
1854|0|456|2|16|
1855|0|652|6|12|
1856|0|653|5|11|
1857|0|656|2|12|
1858|0|654|4|14|
1860|0|456|2|13|
1861|0|656|2|11|
1862|0|451|7|10|
1863|0|655|3|13|
1864|0|654|4|11|
1865|0|453|5|14|
1866|0|656|2|14|
1867|0|455|3|14|
1868|0|653|5|15|
1869|0|454|4|13|
1870|0|656|2|11|
1871|0|455|3|13|
1872|0|655|3|11|
1873|0|453|5|11|
1874|0|655|3|12|
1875|0|450|7|13|
1876|0|655|3|12|
1877|0|456|2|15|
1878|0|457|1|12|
1879|0|456|2|12|
1880|0|458|0|11|
1881|0|454|4|14|
1882|0|650|8|11|
1883|0|451|7|11|
1884|0|656|2|12|
1885|0|457|1|11|
1886|0|652|6|14|
1887|0|451|7|12|
1888|0|656|2|11|
1889|0|455|3|15|
1890|0|654|4|11|
1891|0|655|3|12|
1892|0|455|3|11|
1893|0|453|5|12|
1894|0|454|4|13|
1895|0|651|7|13|
1896|0|453|5|10|
1897|0|654|4|12|
1898|0|456|2|11|
1899|0|655|3|13|
1900|0|450|7|14|
1901|0|452|6|13|
1902|0|455|3|12|
1903|0|454|3|16|
1904|0|453|5|14|
1905|0|453|5|12|
1906|0|451|7|13|
1907|0|455|3|14|
1908|0|450|8|12|
1909|0|453|5|13|
1910|0|657|0|12|
1911|0|656|1|9|
1913|0|0|0|0|
1914|0|0|0|0|
1916|0|0|0|0|
1917|0|0|0|0|
1918|0|0|0|0|
1919|0|0|0|0|
1920|0|0|0|0|
1921|0|0|0|0|
1922|0|0|0|0|
1923|0|0|0|0|
1924|0|0|0|0|
1925|0|0|0|0|
1926|0|456|1|9|
1927|0|452|6|16|
1928|0|654|3|14|
1929|0|656|1|11|
1930|0|656|1|11|
1931|0|654|3|12|
1932|0|655|2|12|
1933|0|452|6|15|
1934|0|655|2|11|
1935|0|657|0|13|
1936|0|655|2|10|
1937|0|455|3|13|
1938|0|657|0|13|
1939|0|654|3|12|
1940|0|653|4|10|
1941|0|456|2|14|
1942|0|652|5|11|
1943|0|656|1|10|
1944|0|656|1|11|
1945|0|456|2|13|
1977|0|653|4|11|
1978|0|655|2|13|
1979|0|656|1|10|
1980|0|657|0|11|
1981|0|455|3|12|
1982|0|656|1|14|
1983|0|654|3|10|
1984|0|655|2|11|
1985|0|454|4|16|
1986|0|654|3|9|
1987|0|651|4|11|
1988|0|450|8|15|
1989|0|656|1|11|
1990|0|654|3|12|
1991|0|653|4|12|
1992|0|656|1|10|
2000|0|588|6|3|
2005|0|656|1|12|
2006|0|654|3|11|
2007|0|657|0|13|
2008|0|656|1|10|
2009|0|654|3|13|
2010|0|656|1|11|
2011|0|655|2|12|
2012|0|656|1|11|
2013|0|454|4|13|
2014|0|451|7|15|
2015|0|453|5|11|
2016|0|451|6|13|
2017|0|655|2|13|
2018|0|654|3|15|
2019|0|653|4|13|
2020|0|654|3|13|
2021|0|650|7|13|
2022|0|456|2|15|
2023|0|655|2|14|
2024|0|652|5|11|
2025|0|656|1|12|
2026|0|454|4|14|
2027|0|655|2|11|
2028|0|454|3|14|
2029|0|654|3|13|
2030|0|655|2|10|
2031|0|656|1|12|
2032|0|656|1|12|
2033|0|657|0|11|
2034|0|450|8|14|
2035|0|657|0|14|
2036|0|654|3|12|
2037|0|455|3|10|
2038|0|649|8|11|
2039|0|654|3|9|
2040|0|655|2|12|
2041|0|656|1|12|
2042|0|455|3|16|
2043|0|646|11|15|
2044|0|652|5|12|
2045|0|651|6|12|
2046|0|456|2|14|
2047|0|655|2|9|
2048|0|656|1|12|
2049|0|656|1|12|
2050|0|655|2|9|
2051|0|449|9|14|
2052|0|654|3|15|
2053|0|655|2|10|
2054|0|655|2|12|
2055|0|455|3|15|
2056|0|654|3|12|
2057|0|653|4|11|
2058|0|655|2|13|
2059|0|452|6|14|
2060|0|654|3|12|
2061|0|655|2|11|
2062|0|454|4|13|
2063|0|458|0|16|
2064|0|456|2|14|
2065|0|657|0|13|
2066|0|652|5|11|
2067|0|654|3|12|
2068|0|650|7|10|
2069|0|650|7|14|
2070|0|651|6|11|
2071|0|451|6|13|
2072|0|645|12|11|
2073|0|656|1|12|
2074|0|656|1|12|
2075|0|456|2|14|
2076|0|654|3|12|
2077|0|652|5|11|
2078|0|457|1|16|
2079|0|654|3|11|
2080|0|652|5|12|
2081|0|655|2|12|
2082|0|653|4|11|
2083|0|457|1|13|
2084|0|657|0|13|
2085|0|653|4|11|
2086|0|457|1|13|
2087|0|656|1|13|
2088|0|652|5|12|
2089|0|655|2|10|
2090|0|455|3|12|
2091|0|652|5|12|
2092|0|655|2|12|
2093|0|654|3|12|
2094|0|654|3|9|
2095|0|455|3|13|
2096|0|650|5|14|
2097|0|653|4|12|
2098|0|646|11|11|
2099|0|453|5|16|
2100|0|654|3|12|
2101|0|653|4|14|
2102|0|656|1|12|
2103|0|656|1|12|
2104|0|450|8|14|
2105|0|653|4|12|
2106|0|656|1|10|
2107|0|650|5|11|
2108|0|454|4|18|
2109|0|654|3|12|
2112|0|454|4|16|
2113|0|657|0|11|
2114|0|656|1|11|
2115|0|653|4|8|
2116|0|652|5|11|
2117|0|650|7|13|
2118|0|657|0|13|
2119|0|454|4|13|
2120|0|655|2|10|
2121|0|653|4|10|
2122|0|455|4|14|
2123|0|652|5|12|
2124|0|656|1|10|
2125|0|453|5|14|
2126|0|657|0|13|
2127|0|656|1|13|
2128|0|651|6|12|
2129|0|655|2|12|
2130|0|656|1|13|
2131|0|454|4|15|
2132|0|656|1|12|
2133|0|652|5|11|
2134|0|457|1|14|
2135|0|656|1|11|
2136|0|654|3|14|
2137|0|656|1|11|
2138|0|456|2|16|
2139|0|655|2|13|
2140|0|650|7|10|
2141|0|657|0|11|
2142|0|654|1|13|
2143|0|458|0|14|
2144|0|656|1|13|
2145|0|652|3|14|
2146|0|652|5|12|
2147|0|450|8|12|
2148|0|654|3|11|
2149|0|652|5|11|
2150|0|652|3|10|
2151|0|455|3|15|
2152|0|654|3|14|
2153|0|654|3|11|
2154|0|657|0|13|
2155|0|652|5|13|
2156|0|455|3|13|
2157|0|656|1|14|
2158|0|452|6|14|
2159|0|450|8|13|
2160|0|458|1|11|
2161|0|455|3|16|
2162|0|655|2|10|
2163|0|655|2|10|
2164|0|651|6|11|
2165|0|451|7|15|
2166|0|655|2|13|
2167|0|655|2|13|
2168|0|454|4|16|
2169|0|653|4|8|
2170|0|654|3|13|
2171|0|452|6|13|
2172|0|656|1|13|
2173|0|653|4|12|
2174|0|456|2|14|
2175|0|656|1|12|
2176|0|656|1|12|
2177|0|652|5|13|
2178|0|454|4|12|
2179|0|656|1|10|
2180|0|656|1|11|
2181|0|457|0|13|
2182|0|654|3|12|
2183|0|652|5|14|
2184|0|454|4|14|
2185|0|656|1|10|
2186|0|654|3|11|
2187|0|653|4|14|
2188|0|455|3|15|
2189|0|652|3|10|
2190|0|652|5|10|
2191|0|653|4|12|
2192|0|655|2|11|
2193|0|455|3|14|
2194|0|650|5|13|
2195|0|651|6|11|
2196|0|649|8|12|
2197|0|454|4|14|
2198|0|650|5|11|
2199|0|655|2|14|
2200|0|657|0|13|
2201|0|654|1|13|
2202|0|653|2|11|
2203|0|452|6|14|
2204|0|655|2|12|
2205|0|655|2|12|
2206|0|656|1|12|
2207|0|453|5|13|
2208|0|452|6|12|
2209|0|453|5|15|
2210|0|456|2|12|
2211|0|455|3|12|
2212|0|651|4|14|
2213|0|656|1|12|
2214|0|457|1|12|
2215|0|653|4|12|
2216|0|655|2|12|
2217|0|455|3|13|
2218|0|653|4|13|
2219|0|654|3|12|
2220|0|650|5|12|
2221|0|454|4|12|
2222|0|655|2|13|
2223|0|652|3|13|
2224|0|652|5|12|
2225|0|453|5|14|
2226|0|646|9|12|
2227|0|649|6|12|
2228|0|455|3|14|
2229|0|655|2|12|
2230|0|457|0|12|
2231|0|650|7|12|
2232|0|652|5|12|
2233|0|455|3|13|
2234|0|649|6|12|
2235|0|652|3|12|
2236|0|655|2|14|
2237|0|655|2|13|
2238|0|451|7|16|
2239|0|648|5|11|
2240|0|655|2|15|
2241|0|647|6|12|
2242|0|647|10|13|
2243|0|454|4|14|
2244|0|650|7|13|
2245|0|655|2|13|
2246|0|452|6|14|
2247|0|653|4|12|
2248|0|655|2|11|
2249|0|656|1|11|
2250|0|656|1|13|
2251|0|456|2|14|
2252|0|651|2|12|
2253|0|653|4|14|
2254|0|652|3|13|
2255|0|452|6|13|
2256|0|654|3|12|
2257|0|455|3|14|
2258|0|651|6|13|
2259|0|457|2|10|
2260|0|450|8|13|
2261|0|453|6|14|
2262|0|655|2|11|
2263|0|453|5|12|
2264|0|653|4|15|
2265|0|648|7|15|
2266|0|650|5|13|
2267|0|655|2|12|
2269|0|655|2|11|
2270|0|654|1|11|
2271|0|454|4|15|
2272|0|657|0|13|
2273|0|452|6|19|
2274|0|653|2|12|
2275|0|650|5|15|
2276|0|653|2|13|
2277|0|451|7|17|
2278|0|653|4|11|
2279|0|455|3|15|
2280|0|456|1|10|
2281|0|652|5|13|
2282|0|449|9|16|
2283|0|651|4|11|
2284|0|454|4|15|
2285|0|653|4|14|
2286|0|652|1|14|
2287|0|454|4|17|
1913|0|0|0|0|
1914|0|0|0|0|
1916|0|0|0|0|
1917|0|0|0|0|
1918|0|0|0|0|
1919|0|0|0|0|
1920|0|0|0|0|
1921|0|0|0|0|
1922|0|0|0|0|
1923|0|0|0|0|
1924|0|0|0|0|
1925|0|0|0|0|
2288|0|653|2|13|
2289|0|656|1|16|
2290|0|4|653|4|
2291|0|4|454|4|
2292|0|4|653|4|
2293|0|4|653|4|
