sorteo|tipo|numero|monto|confianza
1913|Ordinario|20145||0
1913|Ordinario|28038||0
1913|Ordinario|38777|5000.00|79
1913|Ordinario|54084|5000.00|58
1913|Ordinario|07947|8000.00|42
1913|Ordinario|28157||0
1913|Ordinario|34404||0
1913|Ordinario|01600|5000.00|70
1913|Ordinario|28162||0
1913|Ordinario|54494|5000.00|47
1913|Ordinario|20496||0
1913|Ordinario|28182|5000.00|65
1913|Ordinario|20745||0
1913|Ordinario|39243|5000.00|52
1913|Ordinario|02204||0
1913|Ordinario|98268|5000.00|49
1913|Ordinario|20789||0
1913|Ordinario|39275|5000.00|55
1913|Ordinario|54422|5000.00|62
1913|Ordinario|02238||0
1913|Ordinario|98599||0
1913|Ordinario|20874|5000.00|73
1913|Ordinario|54571|5000.00|40
1913|Ordinario|02347||0
1913|Ordinario|98862|5000.00|55
1913|Ordinario|20984|5000.00|65
1913|Ordinario|28748||0
1913|Ordinario|54689|5000.00|67
1913|Ordinario|02466|5000.00|71
1913|Ordinario|54868|5000.00|61
1913|Ordinario|02626|5000.00|66
1913|Ordinario|28966|5000.00|69
1913|Ordinario|39821||0
1913|Ordinario|54897|5000.00|70
1913|Ordinario|02640|5000.00|70
1913|Ordinario|28992||0
1913|Ordinario|99924||0
1913|Ordinario|48209||0
1913|Ordinario|24137|5000.00|75
1913|Ordinario|02671|25000.00|90
1913|CUARTO|39980||0
1913|Ordinario|48334||0
1913|Ordinario|09123|5000.00|55
1913|Ordinario|21522|5000.00|84
1913|Ordinario|48482||0
1913|Ordinario|02678||0
1913|Ordinario|21559|5000.00|77
1913|Ordinario|23380|5000.00|51
1913|Ordinario|48622|6000.00|78
1913|Ordinario|02726|5000.00|70
1913|Ordinario|09488|5000.00|78
1913|Ordinario|21635||0
1913|Ordinario|40348||0
1913|Ordinario|55062|5000.00|74
1913|Ordinario|02746||0
1913|Ordinario|99511|6000.00|58
1913|Ordinario|21640|5000.00|82
1913|Ordinario|40348|5000.00|73
1913|Ordinario|29687|5000.00|44
1913|Ordinario|55117|6000.00|75
1913|Ordinario|02798||0
1913|Ordinario|21825|5000.00|81
1913|Ordinario|40376|5000.00|76
1913|Ordinario|28988|20000.00|59
1913|Ordinario|48717||0
1913|Ordinario|55208|5000.00|83
1913|Ordinario|21860||0
1913|Ordinario|40706||0
1913|Ordinario|55226|5000.00|70
1913|Ordinario|14521|5500.00|75
1913|Ordinario|21869|5000.00|51
1913|Ordinario|40870||0
1913|Ordinario|55507|5000.00|69
1913|Ordinario|14522|5500.00|64
1913|Ordinario|30010|5000.00|71
1913|Ordinario|14656|5000.00|69
1913|Ordinario|55534|5000.00|77
1913|Ordinario|02964||0
1913|Ordinario|10511|5000.00|90
1913|Ordinario|41014|5000.00|45
1913|Ordinario|14656|5000.00|74
1913|Ordinario|22484||0
1913|Ordinario|90078||0
1913|Ordinario|49105||0
1913|Ordinario|30213||0
1913|Ordinario|35281||0
1913|Ordinario|41186||0
1913|Ordinario|10894||0
1913|Ordinario|22278||0
1913|Ordinario|38374||0
1913|Ordinario|03303|5000.00|80
1913|Ordinario|20371|5000.00|54
1913|Ordinario|41189||0
1913|Ordinario|03389||0
1913|Ordinario|22585|5000.00|71
1913|Ordinario|41844||0
1913|Ordinario|56013|5000.00|63
1913|Ordinario|15019|5000.00|71
1913|Ordinario|56044|6000.00|75
1913|Ordinario|03531||0
1913|Ordinario|22620|20000.00|90
1913|Ordinario|15051|4000.00|42
1913|Ordinario|31226||0
1913|Ordinario|35438|5000.00|79
1913|Ordinario|56361|5000.00|65
1913|Ordinario|11268|5000.00|78
1913|Ordinario|22712||0
1913|Ordinario|31447||0
1913|Ordinario|35446|5000.00|52
1913|Ordinario|03817||0
1913|Ordinario|11264|6000.00|74
1913|Ordinario|20897|5000.00|63
1913|Ordinario|58443||0
1913|Ordinario|12182|5000.00|64
1913|Ordinario|31600||0
1913|Ordinario|35618||0
1913|Ordinario|42691||0
1913|Ordinario|15338|5000.00|57
1913|Ordinario|31653||0
1913|Ordinario|35699||0
1913|Ordinario|42861||0
1913|Ordinario|04051||0
1913|Ordinario|44440||0
1913|Ordinario|15355|5000.00|78
1913|Ordinario|35774||0
1913|Ordinario|15393|5000.00|72
1913|Ordinario|31942|5000.00|68
1913|Ordinario|50939|5000.00|59
1913|Ordinario|23056|5000.00|75
1913|Ordinario|35877|6000.00|67
1913|Ordinario|15421|5000.00|74
1913|Ordinario|23134|5000.00|83
1913|Ordinario|41569||0
1913|Ordinario|23192||0
1913|Ordinario|44671|5000.00|63
1913|Ordinario|32051|5000.00|75
1913|Ordinario|51164||0
1913|Ordinario|15526|5000.00|89
1913|Ordinario|23520|5000.00|86
1913|Ordinario|35992||0
1913|Ordinario|57125|5000.00|79
1913|Ordinario|23659||0
1913|Ordinario|22077|9000.00|58
1913|Ordinario|51188||0
1913|Ordinario|44177||0
1913|Ordinario|15670|5000.00|88
1913|Ordinario|23878|5000.00|68
1913|Ordinario|44202|5000.00|60
1913|Ordinario|57146|5000.00|46
1913|Ordinario|05157||0
1913|Ordinario|11948||0
1913|Ordinario|82805||0
1913|Ordinario|51258|5000.00|52
1913|Ordinario|36343|5000.00|52
1913|Ordinario|05249|5000.00|60
1913|Ordinario|24087|5000.00|48
1913|Ordinario|12023|5000.00|81
1913|Ordinario|44674|5000.00|80
1913|Ordinario|57520||0
1913|Ordinario|16139|5000.00|63
1913|Ordinario|24080||0
1913|Ordinario|32786||0
1913|Ordinario|51376|5000.00|77
1913|Ordinario|24992|5000.00|41
1913|Ordinario|44724||0
1913|Ordinario|27879||0
1913|Ordinario|05557|5000.00|69
1913|Ordinario|36953|5000.00|63
1913|Ordinario|57691|5000.00|61
1913|Ordinario|12708||0
1913|Ordinario|46249||0
1913|Ordinario|24397|5000.00|78
1913|Ordinario|44747||0
1913|Ordinario|51471|5000.00|59
1913|Ordinario|24709|5000.00|65
1913|Ordinario|33224||0
1913|Ordinario|51581||0
1913|Ordinario|57817|5000.00|50
1913|Ordinario|05606|5000.00|90
1913|Ordinario|12956||0
1913|Ordinario|24963|5000.00|65
1913|Ordinario|33764||0
1913|Ordinario|51583|6000.00|74
1913|Ordinario|57891|5000.00|58
1913|Ordinario|16534|5000.00|52
1913|Ordinario|24989|5000.00|78
1913|TERCER|33847||0
1913|QUINTO|37151||0
1913|Ordinario|51683|5000.00|70
1913|Ordinario|13011||0
1913|Ordinario|19645|5000.00|57
1913|Ordinario|16789|5000.00|76
1913|Ordinario|45198||0
1913|Ordinario|13041|5000.00|86
1913|Ordinario|25723||0
1913|Ordinario|45756||0
1913|Ordinario|52051||0
1913|Ordinario|13108|5000.00|82
1913|Ordinario|18946||0
1913|Ordinario|95255|5000.00|47
1913|Ordinario|45766|5000.00|71
1913|Ordinario|56004|5000.00|51
1913|Ordinario|45793||0
1913|Ordinario|52103||0
1913|Ordinario|58007|5000.00|60
1913|Ordinario|43203|20000.00|72
1913|Ordinario|45943||0
1913|Ordinario|58060|5000.00|58
1913|Ordinario|45948||0
1913|Ordinario|52184||0
1913|Ordinario|98475|5000.00|62
1913|Ordinario|13410||0
1913|Ordinario|47229|5000.00|53
1913|Ordinario|76096||0
1913|Ordinario|52500|5000.00|50
1913|Ordinario|58501|5000.00|64
1913|Ordinario|26255|5000.00|73
1913|Ordinario|05935||0
1913|Ordinario|13597||0
1913|Ordinario|47343|5000.00|78
1913|Ordinario|52508|8000.00|62
1913|Ordinario|05985||0
1913|Ordinario|13813||0
1913|Ordinario|17377|5000.00|40
1913|Ordinario|46057||0
1913|Ordinario|58892|6000.00|64
1913|Ordinario|46178|5000.00|69
1913|Ordinario|18848|5000.00|63
1913|Ordinario|17724|5000.00|71
1913|SEGUNDO|33976||0
1913|Ordinario|52915|5000.00|83
1913|Ordinario|13863|5000.00|59
1913|Ordinario|46297|5000.00|70
1913|Ordinario|52918|5000.00|50
1913|Ordinario|06333||0
1913|Ordinario|43902||0
1913|Ordinario|26829|5000.00|74
1913|Ordinario|37818|5000.00|71
1913|Ordinario|59235|5000.00|80
1913|Ordinario|06504|5000.00|55
1913|Ordinario|18501|5000.00|90
1913|Ordinario|46823|5000.00|85
1913|Ordinario|53297|6000.00|71
1913|Ordinario|59329|5000.00|77
1913|Ordinario|06643||0
1913|Ordinario|14269||0
1913|Ordinario|18604|5000.00|85
1913|Ordinario|46915|5000.00|60
1913|Ordinario|53532||0
1913|Ordinario|14471||0
1913|Ordinario|18681|5000.00|84
1913|Ordinario|53883||0
1913|Ordinario|59673|5000.00|74
1913|Ordinario|06574||0
1913|Ordinario|14516||0
1913|Ordinario|18946|5000.00|85
1913|Ordinario|58990|5000.00|70
1913|Ordinario|59893|5000.00|69
1913|Ordinario|18946|5000.00|85
1913|Ordinario|38150||0
1913|Ordinario|27045||0
1913|Ordinario|59913|5000.00|58
1913|MAYOR|14518|8000.00|50
1913|Ordinario|27281||0
1913|Ordinario|53993|5000.00|40
1913|Ordinario|97996|5000.00|46
1913|Ordinario|47464|5000.00|89
1913|Ordinario|19272|5000.00|73
1913|Ordinario|38421|5000.00|41
1913|Ordinario|60075||0
1913|Ordinario|27776|5000.00|78
1913|Ordinario|38432|5000.00|51
1913|Ordinario|77564|5000.00|42
1913|Ordinario|07191|5000.00|49
1913|Ordinario|54003|25000.00|89
1913|Ordinario|60146|5000.00|51
1913|Ordinario|19494|5000.00|82
1913|Ordinario|38497||0
1913|Ordinario|54020||0
1913|Ordinario|60176|5000.00|47
1913|Ordinario|19805|5000.00|83
1913|Ordinario|38693||0
1913|Ordinario|54158||0
1913|Ordinario|07428|6000.00|56
1913|Ordinario|60676|5000.00|53
