sorteo|numero|monto|emision
1138|29586|2200000|41000
1139|19029|2200000|41000
1142|03441|3300000|41000
1143|34664|3200000|41000
1144|16750|2200000|41000
1146|38393|2200000|41000
1147|21975|2200000|41000
1148|09417|5000000|41000
1156|14382|2200000|41000
1158|30765|2200000|41000
1159|23834|2200000|41000
1160|09696|2200000|41000
1161|01350|2200000|41000
1162|36700|3400000|41000
1163|36207|3900000|41000
1164|04710|3400000|41000
1165|31189|3400000|41000
1166|02967|3400000|41000
1167|28290|3400000|41000
1168|36388|3400000|41000
1180|08525||41000
1181|18244||41000
1183|07060||41000
1185|17799||41000
1187|11322||41000
1188|30199||41000
1189|15752||41000
1190|11863||41000
1191|15878||41000
1192|38644||41000
1197|12414||41000
1203|22901||41000
1211|39805||41000
1213|05512||41000
1214|22007||41000
1222|02570||41000
1223|18522||41000
1224|06345||41000
1226|37995||41000
1227|08073||41000
1228|19821||41000
1229|15564||41000
1230|03568||41000
1232|26129||41000
1233|11806||41000
1234|33249||41000
1235|25584||41000
1236|27879||41000
1237|16725||41000
1238|26977||41000
1239|39790||41000
1242|34081||41000
1245|30092||41000
1247|12897||41000
1248|13389||41000
1250|03233||41000
1251|05785||41000
1252|12996||41000
1253|35429||41000
1254|03300||41000
1256|02263||41000
1257|19362||41000
1258|05042||41000
1259|12909||41000
