sorteo|term4
1356|8359
1357|8087
1358|4979
1360|6826
1361|6230
1362|6719
1363|9485
1364|9033
1438|7975
1439|4405
1440|5287
1441|4185
1442|2156
1443|4044
1444|4017
1445|7994
1446|5445
1447|3263
1451|6294
1452|4811
1453|6831
1454|3914
1455|0813
1456|7475
1457|4075
1458|1690
1459|7065
1460|3764
1461|2418
1462|9349
1463|6778
1464|1971
1465|7139
1466|8092
1467|5751
1468|2378
1469|8386
1470|2446
1471|1597
1472|5027
1474|5929
1476|1000
1477|3189
1478|9879
1479|7328
1480|1352
1481|7221
1482|5428
1483|9181
1484|7407
1485|2053
1486|9282
1487|8683
1488|8480
1489|7791
1490|3959
1492|0205
1493|9008
1494|2630
1495|6404
1496|1003
1497|3528
1498|7263
1499|1941
1500|7255
1501|4484
1502|3454
1503|3750
1504|5585
1505|9392
1506|8533
1507|9808
1508|6613
1509|1394
1510|8511
1511|7708
1512|5643
1514|2473
1515|5037
1516|4465
1517|3462
1518|0867
1520|3073
1521|9122
1523|6203
1524|4672
1526|4935
1527|7545
1528|7258
1529|2395
1530|7155
1531|5282
1533|5899
1534|9153
1536|1269
1537|2608
1538|1886
1539|3608
1540|6159
1541|0707
1544|8270
1545|3384
1546|4831
1548|0690
1549|9577
1550|5175
1551|4407
1552|1540
1554|0740
1555|9146
1564|5902
1565|6995
1566|3706
1567|9291
1568|1447
1569|8881
1570|6855
1571|0964
1572|7913
1573|2821
1574|7015
1575|2714
1576|3242
1577|2259
1578|6643
1580|2149
1582|1235
1584|0854
1587|1222
1588|3372
1592|1680
1593|7569
1594|9705
1595|0966
1596|1135
1597|1991
1598|8538
1599|0780
1600|2984
1601|1114
1602|3568
1603|9890
1604|0195
1605|0201
1606|7857
1607|9693
1609|1096
1610|5413
1611|1925
1612|4297
1613|0998
1614|3099
1615|1237
1616|0192
1617|1609
1618|9022
1619|3695
1620|8118
1621|1956
1622|7317
1623|7401
1624|7556
1625|2404
1626|5359
1627|7274
1630|3991
1636|8885
1637|8322
1639|4973
1640|4273
1641|4948
1643|9356
1644|0873
1648|7171
1649|2446
1650|5919
1652|5448
1654|0401
1655|0732
1656|6261
1657|6779
1658|4998
1659|7027
1660|0733
1661|8015
1662|7137
1663|5991
1664|5959
1665|8749
1666|4661
1667|0939
1668|2151
1669|9976
1670|1882
1671|6049
1673|7959
1674|6692
1675|5604
1677|5808
1679|1890
1680|2298
1681|8398
1682|5360
1683|9743
1684|4386
1685|6542
1686|6159
1687|8300
1688|3783
1689|3307
1690|5884
1691|6981
1692|7932
1693|4096
1694|6931
1695|4884
1696|1282
1698|2244
1699|1315
1700|1635
1703|1809
1704|9956
1705|7072
1706|0209
1707|0028
1708|5050
1709|7524
1710|2435
1711|3213
1712|6526
1713|4779
1714|4209
1715|1465
1716|0659
1717|3078
1718|0887
1719|9450
1720|5319
1721|7249
1722|9468
1725|7052
1726|4559
1727|4396
1728|2624
1729|2046
1730|5855
1731|1249
1733|5604
1734|6221
1735|3650
1736|5029
1737|1204
1738|5569
1739|3283
1740|5321
1741|0040
1742|6042
1743|6717
1744|4489
1745|1595
1749|2612
1750|6093
1751|3201
1752|3533
1753|8097
1754|9674
1755|6989
1756|1712
1757|0868
1758|7246
1759|8715
1760|6409
1761|0093
1763|3179
1765|2040
1767|0176
1768|2990
1769|8458
1770|9108
1771|6553
1772|9386
1773|1209
1774|3315
1775|6734
1776|3024
1777|2857
1778|4551
1779|4137
1780|5870
1781|2002
1782|6137
1783|7090
1784|4942
1785|8828
1786|2782
1787|9625
1788|1993
1789|5922
1790|7243
1791|1447
1792|2793
1793|3128
1794|1647
1795|2668
1796|6762
1797|2359
1798|8655
1799|4432
1800|6996
1801|1945
1802|5949
1803|2654
1804|0703
1805|2801
1806|7752
1807|6202
1808|3184
1809|5614
1810|6219
1811|5336
1812|3124
1813|5675
1814|3564
1815|5269
1816|1255
1817|6083
1818|5993
1819|9866
1820|6316
1821|1055
1822|7929
1823|4984
1824|0374
1825|0888
1826|2826
1827|6682
1828|1227
1829|3392
1830|3292
1831|6756
1832|2449
1833|6069
1834|3536
1835|3629
1836|4475
1837|0722
1838|1422
1839|9296
1840|6860
1841|3699
1842|7248
1843|5247
1844|7084
1845|2758
1846|9459
1847|0720
1848|9297
1849|2952
1850|8735
1851|9037
1852|6302
1853|4904
1854|5653
1855|2944
1856|2857
1857|1850
1858|7737
1860|7455
1861|7505
1862|9439
1863|9987
1864|1887
1865|8217
1866|8355
1867|4573
1868|9939
1869|9575
1870|9534
1871|1088
1872|2959
1873|3703
1874|5643
1875|1227
1876|3283
1877|5167
1878|8891
1879|4659
1880|4271
1881|2552
1882|7709
1883|8569
1884|3913
1885|8964
1886|2524
1887|7067
1888|0351
1889|7913
1890|8767
1891|0980
1892|4233
1893|3541
1894|3882
1895|2035
1896|8263
1897|7546
1898|4273
1899|0122
1900|1197
1901|9472
1902|8317
1903|7112
1904|8680
1905|1722
1906|7730
1907|7672
1908|0256
1909|6308
1910|9098
1911|8673
1926|6314
1927|8056
1928|3691
1929|1716
1930|6085
1931|5026
1932|8979
1933|1598
1934|8543
1935|3899
1936|5824
1937|5796
1938|0129
1939|4522
1940|0312
1941|7585
1942|9960
1943|5666
1944|4432
1945|9227
1977|3275
1978|7809
1979|7674
1980|7693
1981|6905
1982|8664
1983|2163
1984|3223
1985|3937
1986|9086
1987|0666
1988|5670
1989|9652
1990|2128
1991|9021
1992|1593
2000|8346
2005|8854
2006|8593
2007|3424
2008|3711
2009|6707
2010|8728
2011|4858
2012|5730
2013|0717
2014|4815
2015|9665
2016|9871
2018|7325
2019|9463
2020|3226
2021|4467
2022|9429
2023|5039
2024|6026
2025|2090
2026|9837
2027|7466
2028|7780
2029|6895
2030|8324
2031|0119
2032|8641
2033|7563
2034|6570
2035|2814
2036|7997
2037|0524
2038|1954
2039|3101
2040|6879
2041|9115
2042|8542
2043|9230
2044|1021
2045|2530
2046|9680
2047|6376
2048|4259
2049|4860
2050|7510
2051|6744
2052|9474
2053|0675
2054|7057
2055|0875
2056|9641
2057|1877
2058|4849
2059|2817
2060|4397
2061|3016
2062|5317
2063|2632
2064|2563
2065|6443
2066|3036
2067|1448
2068|4428
2069|9479
2070|5072
2071|9467
2072|0090
2073|4999
2074|9142
2075|0013
2076|6883
2077|1781
2078|1499
2079|8755
2080|1054
2081|7852
2082|5633
2083|2407
2084|5445
2085|9299
2086|5875
2087|8334
2088|9865
2089|8499
2090|4179
2091|8725
2092|1377
2093|3193
2094|8319
2095|5074
2096|2819
2097|5909
2098|4280
2099|9253
2100|4502
2101|2918
2102|7724
2103|3139
2104|9589
2105|8225
2106|8961
2107|0395
2108|8857
2109|0115
2112|2362
2113|6413
2114|8741
2115|0955
2116|2533
2117|7887
2118|9802
2119|0861
2120|6570
2121|6895
2122|1804
2123|1723
2124|6086
2125|7449
2126|5125
2127|2566
2128|0834
2129|6580
2130|4995
2131|1759
2132|3779
2133|4985
2134|2991
2135|7020
2136|9780
2137|5466
2138|6075
2139|6191
2140|1060
2141|9030
2142|5582
2143|8424
2144|9831
2145|3049
2146|1899
2147|6335
2148|3317
2149|5709
2150|3783
2151|7148
2152|0629
2153|0915
2154|8441
2155|5639
2156|6908
2157|1930
2158|0295
2159|0318
2160|1744
2161|6947
2162|7032
2163|4648
2164|1020
2165|9335
2166|0129
2167|4899
2168|5595
2169|4596
2170|5521
2171|9207
2172|7950
2173|4387
2174|2981
2175|7231
2176|1930
2177|0994
2178|4876
2179|6912
2180|2759
2181|1651
2182|6727
2183|3632
2184|3498
2185|2094
2186|3977
2187|3898
2188|8099
2189|8744
2190|6997
2191|5930
2192|1016
2193|1745
2194|2229
2195|0714
2196|1520
2197|4397
2198|4456
2199|7005
2200|7159
2201|4919
2202|4675
2203|4612
2204|0016
2205|0143
2206|6709
2207|9206
2208|1042
2209|2910
2210|9995
2211|6566
2212|2549
2213|2597
2214|0897
2215|6673
2216|0492
2217|7428
2218|4195
2219|9424
2220|7814
2221|3448
2222|7440
2223|6595
2224|1998
2225|3207
2226|4497
2227|1097
2228|6244
2229|5835
2230|0841
2231|6210
2232|6542
2233|6670
2234|8151
2235|3895
2236|8880
2237|0440
2238|2782
2239|2684
2240|7908
2241|6230
2242|0548
2243|3695
2244|7950
2245|5760
2246|2570
2247|7948
2248|5919
2249|0609
2250|8770
2251|9529
2252|9922
2253|2368
2254|3297
2255|5945
2256|7942
2257|8973
2258|4935
2259|5570
2260|7950
2261|3547
2262|8140
2263|6064
2264|8850
2265|3103
2266|1388
2267|7755
2269|3382
2270|3886
2271|2328
2272|0003
2273|3832
2274|5064
2275|8780
2276|3280
2277|8862
2278|1694
2279|9034
2280|2347
2281|9499
2282|7161
2283|0753
2284|1535
2285|9267
2286|0595
2287|0363
2288|5910
