sorteo|precio
1356|300
1357|300
1358|300
1360|300
1361|300
1362|300
1363|300
1364|300
1438|300
1439|400
1440|300
1441|300
1442|400
1443|400
1444|400
1445|400
1446|400
1447|400
1451|400
1452|400
1453|400
1454|300
1455|300
1456|300
1457|400
1458|400
1459|300
1460|300
1461|300
1462|300
1463|300
1464|800
1465|400
1466|300
1467|300
1468|300
1469|300
1470|300
1471|400
1472|300
1474|300
1476|300
1477|300
1478|300
1479|400
1480|300
1481|300
1482|300
1483|300
1484|400
1485|300
1486|300
1487|300
1488|400
1489|300
1490|300
1492|1400
1493|500
1494|300
1495|300
1496|400
1497|300
1498|300
1499|300
1500|400
1501|300
1502|300
1503|300
1504|400
1505|300
1506|400
1507|300
1508|300
1509|300
1510|300
1511|300
1512|400
1514|300
1515|300
1516|400
1517|300
1518|300
1520|400
1521|300
1523|300
1524|400
1526|300
1527|300
1528|400
1529|300
1530|300
1531|300
1533|400
1534|300
1536|300
1537|400
1538|300
1539|400
1540|600
1541|1400
1544|300
1545|400
1546|300
1548|300
1549|400
1550|300
1551|400
1552|300
1554|400
1555|300
1564|300
1565|400
1566|300
1567|400
1568|300
1569|400
1570|300
1571|400
1572|300
1573|400
1574|300
1575|400
1576|300
1577|400
1578|300
1580|300
1582|300
1584|300
1587|300
1588|400
1592|300
1593|400
1594|300
1595|400
1596|300
1597|500
1598|400
1599|400
1600|400
1601|400
1602|400
1603|400
1604|500
1605|400
1606|400
1607|400
1609|400
1610|1000
1611|400
1612|400
1613|400
1614|400
1615|400
1616|400
1617|400
1618|400
1619|400
1620|400
1621|400
1622|400
1623|400
1624|400
1625|400
1626|500
1627|400
1630|500
1636|400
1637|500
1639|1800
1641|400
1643|400
1644|400
1648|400
1649|400
1650|400
1652|400
1654|400
1655|400
1656|400
1657|400
1658|1000
1659|400
1660|400
1661|500
1662|400
1663|400
1664|400
1665|500
1666|400
1667|400
1668|400
1669|400
1670|500
1671|400
1673|400
1674|500
1675|400
1677|400
1679|500
1680|400
1681|400
1682|400
1683|500
1684|400
1685|400
1687|2000
1688|1000
1689|400
1690|400
1691|400
1692|400
1693|400
1695|400
1696|400
1699|400
1700|400
1703|400
1704|400
1705|400
1706|1000
1707|400
1708|400
1710|400
1711|400
1712|400
1713|400
1715|400
1716|400
1717|400
1719|400
1720|400
1721|400
1725|400
1726|400
1728|400
1729|400
1730|400
1734|400
1735|2000
1736|1000
1737|400
1738|400
1739|400
1740|400
1741|400
1743|400
1744|400
1745|400
1749|400
1750|400
1751|400
1752|400
1753|400
1754|1000
1755|400
1756|400
1758|400
1759|400
1760|400
1761|400
1763|400
1765|400
1767|400
1768|400
1769|400
1770|600
1771|400
1772|400
1773|400
1774|400
1775|600
1776|400
1777|400
1778|400
1779|600
1780|400
1781|600
1782|400
1783|2000
1784|1000
1785|400
1786|400
1787|400
1788|400
1789|400
1790|600
1791|400
1792|400
1793|400
1794|400
1795|600
1796|400
1797|400
1798|600
1799|400
1800|500
1801|500
1802|500
1803|1200
1804|500
1805|500
1806|600
1807|500
1808|500
1809|500
1810|800
1811|500
1812|500
1813|500
1814|600
1815|500
1816|500
1817|500
1818|500
1819|600
1820|500
1821|500
1822|500
1823|600
1824|500
1825|500
1826|500
1827|600
1828|500
1829|500
1830|600
1831|2400
1832|1200
1833|500
1834|500
1835|500
1836|500
1837|500
1838|600
1839|500
1840|500
1841|500
1842|500
1843|600
1844|500
1845|500
1846|800
1847|500
1848|500
1849|500
1850|500
1851|1200
1852|500
1853|500
1854|600
1855|500
1856|500
1857|500
1858|500
1860|600
1861|500
1862|600
1865|600
1867|600
1869|600
1871|600
1873|600
1875|600
1877|600
1878|800
1879|600
1880|2400
1881|1200
1883|600
1884|500
1885|600
1886|500
1887|600
1888|500
1889|600
1890|500
1891|500
1892|600
1893|800
1894|600
1895|500
1896|600
1897|500
1898|600
1899|500
1900|1600
1901|600
1902|600
1903|800
1904|600
1905|600
1906|600
1907|800
1908|600
1909|600
1910|600
1911|600
1926|2400
1927|1200
1928|600
1929|600
1930|600
1931|600
1932|600
1933|800
1934|600
1935|600
1936|600
1937|800
1938|600
1939|600
1940|600
1941|1200
1942|600
1943|600
1944|600
1945|1600
1977|600
1978|600
1979|600
1981|800
1985|800
1988|1200
2000|80
2005|600
2006|600
2007|600
2008|600
2009|600
2010|600
2011|600
2012|600
2013|800
2014|800
2016|1000
2017|600
2018|600
2019|600
2020|600
2021|600
2022|800
2023|600
2024|600
2025|600
2026|800
2027|600
2028|1000
2029|600
2030|600
2031|600
2032|600
2033|600
2034|1200
2035|600
2036|600
2037|800
2038|600
2039|600
2040|600
2041|600
2042|800
2043|600
2044|600
2045|600
2046|800
2047|600
2048|600
2049|600
2050|600
2051|800
2052|600
2053|600
2054|600
2055|800
2056|600
2057|600
2058|600
2059|800
2060|600
2061|600
2062|800
2064|1600
2065|600
2066|600
2067|600
2068|600
2069|600
2070|600
2071|800
2072|600
2073|600
2074|600
2075|800
2076|600
2077|600
2078|1600
2079|600
2080|600
2081|600
2082|600
2083|1600
2084|600
2085|600
2086|800
2087|600
2088|600
2089|600
2090|800
2091|600
2092|600
2093|600
2094|600
2095|800
2096|600
2097|600
2098|600
2099|800
2100|600
2101|600
2102|600
2103|600
2104|800
2105|600
2106|600
2107|600
2108|1000
2109|600
2112|1400
2113|600
2114|600
2115|600
2116|600
2117|600
2118|600
2119|800
2120|600
2121|600
2122|800
2123|600
2124|600
2125|800
2126|600
2127|600
2128|600
2129|600
2130|600
2131|1800
2132|600
2133|600
2134|800
2135|600
2136|600
2137|600
2138|800
2139|600
2140|600
2141|600
2142|600
2143|800
2144|600
2145|600
2146|600
2147|800
2148|600
2149|600
2150|600
2151|800
2152|600
2153|600
2154|600
2155|600
2156|800
2157|600
2158|800
2159|800
2161|1400
2162|600
2163|600
2164|600
2165|800
2166|600
2167|600
2168|800
2169|600
2170|600
2171|800
2172|600
2173|600
2174|800
2175|600
2176|600
2177|600
2178|800
2179|600
2180|600
2181|2200
2182|600
2183|600
2184|800
2185|600
2186|600
2187|600
2188|800
2189|600
2190|600
2191|600
2192|600
2193|800
2194|600
2195|600
2196|600
2197|800
2198|600
2199|600
2200|600
2201|600
2202|600
2203|800
2204|600
2205|600
2206|600
2207|800
2208|800
2209|800
2211|1400
2212|600
2213|600
2214|800
2215|600
2216|600
2217|800
2218|600
2219|600
2220|600
2221|800
2222|600
2223|600
2225|1000
2226|600
2230|2200
2231|600
2232|600
2233|800
2234|600
2235|600
2236|600
2237|600
2238|1000
2239|600
2240|600
2241|600
2242|600
2243|800
2244|600
2245|600
2246|1000
2247|600
2248|600
2249|600
2250|600
2251|800
2252|600
2253|600
2254|600
2255|800
2256|600
2257|1000
2258|600
2260|1400
2261|1000
2262|600
2263|800
2264|600
2265|600
2266|600
2267|600
2269|600
2270|600
2271|800
2272|600
2273|1000
2274|600
2275|600
2276|600
2277|800
2278|600
2279|800
2280|2400
2281|600
2282|800
2283|600
2284|1000
2285|600
2286|600
2287|1000
