sorteo|fecha_txt|url_wayback
1138||https://web.archive.org/web/20021208133159if_/http://www.loterianacional.com.ni:80/sorteos/1138.htm
1139||https://web.archive.org/web/20021208134235if_/http://www.loterianacional.com.ni:80/sorteos/1139.htm
1142||https://web.archive.org/web/20021208141737if_/http://www.loterianacional.com.ni:80/sorteos/1142.htm
1143||https://web.archive.org/web/20021208140409if_/http://www.loterianacional.com.ni:80/sorteos/1143.htm
1144||https://web.archive.org/web/20021208142003if_/http://www.loterianacional.com.ni:80/sorteos/1144.htm
1146||https://web.archive.org/web/20021208142723if_/http://www.loterianacional.com.ni:80/sorteos/1146.htm
1147||https://web.archive.org/web/20021208142334if_/http://www.loterianacional.com.ni:80/sorteos/1147.htm
1148||https://web.archive.org/web/20030123034432if_/http://www.loterianacional.com.ni:80/sorteos/1148.htm
1156|05 de Noviembre de 2002|https://web.archive.org/web/20050311050012if_/http://www.loterianacional.com.ni:80/sorteos/1156.htm
1158|19 de Noviembre de 2002|https://web.archive.org/web/20050311050454if_/http://www.loterianacional.com.ni:80/sorteos/1158.htm
1159|26 de Noviembre de 2003|https://web.archive.org/web/20030213192252if_/http://www.loterianacional.com.ni:80/sorteos/1159.htm
1160|03 de Diciembre de 2003|https://web.archive.org/web/20030214004358if_/http://www.loterianacional.com.ni:80/sorteos/1160.htm
1161|10 de Diciembre de 2002|https://web.archive.org/web/20050311051023if_/http://www.loterianacional.com.ni:80/sorteos/1161.htm
1162|31 de Diciembre de 2002|https://web.archive.org/web/20050311051227if_/http://www.loterianacional.com.ni:80/sorteos/1162.htm
1163|07 de Enero de 2003|https://web.archive.org/web/20030213145010if_/http://www.loterianacional.com.ni:80/sorteos/1163.htm
1164|14 de Enero de 2003|https://web.archive.org/web/20050311051443if_/http://www.loterianacional.com.ni:80/sorteos/1164.htm
1165|21 de Enero de 2003|https://web.archive.org/web/20050311051804if_/http://www.loterianacional.com.ni:80/sorteos/1165.htm
1166|28 de Enero de 2003|https://web.archive.org/web/20050311052053if_/http://www.loterianacional.com.ni:80/sorteos/1166.htm
1167|04 Febrero del 2003|https://web.archive.org/web/20030213144958if_/http://www.loterianacional.com.ni:80/sorteos/1167.htm
1168|11 Febrero del 2003|https://web.archive.org/web/20050311052225if_/http://www.loterianacional.com.ni:80/sorteos/1168.htm
1170|25 Febrero del 2003|https://web.archive.org/web/20050311053455if_/http://www.loterianacional.com.ni:80/sorteos/1170.htm
1171|4 Marzo del 2003|https://web.archive.org/web/20031010020211if_/http://www.loterianacional.com.ni:80/sorteos/1171.htm
1172|11 Marzo del 2003|https://web.archive.org/web/20050311053706if_/http://www.loterianacional.com.ni:80/sorteos/1172.htm
1173|18 Marzo del 2003|https://web.archive.org/web/20031010020858if_/http://www.loterianacional.com.ni:80/sorteos/1173.htm
1174|25 Marzo del 2003|https://web.archive.org/web/20050311054237if_/http://www.loterianacional.com.ni:80/sorteos/1174.htm
1175|01de Abril del 2003|https://web.archive.org/web/20050311220654if_/http://www.loterianacional.com.ni:80/sorteos/1175.htm
1176|08 de Abril del 2003|https://web.archive.org/web/20050311221304if_/http://www.loterianacional.com.ni:80/sorteos/1176.htm
1177|15 de Abril del 2003|https://web.archive.org/web/20050311221717if_/http://www.loterianacional.com.ni:80/sorteos/1177.htm
1178|29 de Abril del 2003|https://web.archive.org/web/20030812161715if_/http://www.loterianacional.com.ni:80/sorteos/1178.htm
1179|06 de Mayo del 2003|https://web.archive.org/web/20031010023033if_/http://www.loterianacional.com.ni:80/sorteos/1179.htm
1180|13 de Mayo del 2003|https://web.archive.org/web/20030812162723if_/http://www.loterianacional.com.ni:80/sorteos/1180.htm
1181|20 de Mayo del 2003|https://web.archive.org/web/20030806080529if_/http://www.loterianacional.com.ni:80/sorteos/1181.htm
1183|03 Junio de 2003|https://web.archive.org/web/20030627171200if_/http://www.loterianacional.com.ni:80/sorteos/1183.htm
1185|10 de Junio del 2003|https://web.archive.org/web/20030627171756if_/http://www.loterianacional.com.ni:80/sorteos/1185.htm
1186|24 de Junio del 2003|https://web.archive.org/web/20030826111553if_/http://www.loterianacional.com.ni:80/sorteos/1186.htm
1187|01 de Julio del 2003|https://web.archive.org/web/20030826112308if_/http://www.loterianacional.com.ni:80/sorteos/1187.htm
1188|08 de Julio del 2003|https://web.archive.org/web/20030826112201if_/http://www.loterianacional.com.ni:80/sorteos/1188.htm
1189|15 de Julio del 2003|https://web.archive.org/web/20030812140333if_/http://www.loterianacional.com.ni:80/sorteos/1189.htm
1190|22 de Julio del 2003|https://web.archive.org/web/20030806080428if_/http://www.loterianacional.com.ni:80/sorteos/1190.htm
1191|29 de Julio del 2003|https://web.archive.org/web/20030826112341if_/http://www.loterianacional.com.ni:80/sorteos/1191.htm
1192|05 de Agosto del 2003|https://web.archive.org/web/20030808021356if_/http://www.loterianacional.com.ni:80/sorteos/1192.htm
1194|19 de Agosto del 2003|https://web.archive.org/web/20030924210451if_/http://www.loterianacional.com.ni:80/sorteos/1194.htm
1195|26 de Agosto del 2003|https://web.archive.org/web/20030924213327if_/http://www.loterianacional.com.ni:80/sorteos/1195.htm
1196|02 de Septiembre del 2003|https://web.archive.org/web/20050315032041if_/http://www.loterianacional.com.ni:80/sorteos/1196.htm
1197|09 de Septiembre del 2003|https://web.archive.org/web/20030924213353if_/http://www.loterianacional.com.ni:80/sorteos/1197.htm
1198|16 de Septiembre del 2003|https://web.archive.org/web/20031008085555if_/http://www.loterianacional.com.ni:80/sorteos/1198.htm
1201|07 de Octubre del 2003|https://web.archive.org/web/20050315035542if_/http://www.loterianacional.com.ni:80/sorteos/1201.htm
1203|28 de Octubre del 2003|https://web.archive.org/web/20031108014738if_/http://www.loterianacional.com.ni:80/sorteos/1203.htm
1207|18 de Noviembre del 2003|https://web.archive.org/web/20040422015735if_/http://www.loterianacional.com.ni:80/sorteos/1207.htm
1208|25 de Noviembre del 2003|https://web.archive.org/web/20040422020721if_/http://www.loterianacional.com.ni:80/sorteos/1208.htm
1209|02 de Diciembre del 2003|https://web.archive.org/web/20040421233145if_/http://www.loterianacional.com.ni:80/sorteos/1209.htm
1210|09 de Diciembre del 2003|https://web.archive.org/web/20040421234846if_/http://www.loterianacional.com.ni:80/sorteos/1210.htm
1211|06 de Enero del 2004|https://web.archive.org/web/20040422004055if_/http://www.loterianacional.com.ni:80/sorteos/1211.htm
1213|13 de Enero del 2004|https://web.archive.org/web/20040422010321if_/http://www.loterianacional.com.ni:80/sorteos/1213.htm
1214|20 de Enero del 2004|https://web.archive.org/web/20040422010836if_/http://www.loterianacional.com.ni:80/sorteos/1214.htm
1215|27 de Enero del 2004|https://web.archive.org/web/20040422011957if_/http://www.loterianacional.com.ni:80/sorteos/1215.htm
1216|03 de Febrero del 2004|https://web.archive.org/web/20040619070312if_/http://www.loterianacional.com.ni:80/sorteos/1216.htm
1217|10 de Febrero del 2004|https://web.archive.org/web/20040622072215if_/http://www.loterianacional.com.ni:80/sorteos/1217.htm
1218|17 de Febrero del 2004|https://web.archive.org/web/20040619074534if_/http://www.loterianacional.com.ni:80/sorteos/1218.htm
1219|24 de Febrero del 2004|https://web.archive.org/web/20040622075126if_/http://www.loterianacional.com.ni:80/sorteos/1219.htm
1220|2 de Marzo de 2004|https://web.archive.org/web/20040619080544if_/http://www.loterianacional.com.ni:80/sorteos/1220.htm
1221|9 de Marzo de 2004|https://web.archive.org/web/20040622082527if_/http://www.loterianacional.com.ni:80/sorteos/1221.htm
1222|16 de Marzo de 2004|https://web.archive.org/web/20040619094130if_/http://www.loterianacional.com.ni:80/sorteos/1222.htm
1223|23 de Marzo de 2004|https://web.archive.org/web/20040622091444if_/http://www.loterianacional.com.ni:80/sorteos/1223.htm
1224|4 de Abril de 2004|https://web.archive.org/web/20040619104050if_/http://www.loterianacional.com.ni:80/sorteos/1224.htm
1225|13 de Abril de 2004|https://web.archive.org/web/20040812003417if_/http://www.loterianacional.com.ni:80/sorteos/1225.htm
1226|21 de Abril de 2004|https://web.archive.org/web/20040812003205if_/http://www.loterianacional.com.ni:80/sorteos/1226.htm
1227|27 de Abril de 2004|https://web.archive.org/web/20040812003455if_/http://www.loterianacional.com.ni:80/sorteos/1227.htm
1228|04 de Abril de 2004|https://web.archive.org/web/20040812003122if_/http://www.loterianacional.com.ni:80/sorteos/1228.htm
1229|11 de Mayo de 2004|https://web.archive.org/web/20040812003529if_/http://www.loterianacional.com.ni:80/sorteos/1229.htm
1230|18 de Mayo de 2004|https://web.archive.org/web/20040812003340if_/http://www.loterianacional.com.ni:80/sorteos/1230.htm
1231|25 de Mayo de 2004|https://web.archive.org/web/20040812003608if_/http://www.loterianacional.com.ni:80/sorteos/1231.htm
1232|1 de Junio de 2004|https://web.archive.org/web/20040812003726if_/http://www.loterianacional.com.ni:80/sorteos/1232.htm
1233|08 de Junio de 2004|https://web.archive.org/web/20040812003653if_/http://www.loterianacional.com.ni:80/sorteos/1233.htm
1234|15 de Junio de 2004|https://web.archive.org/web/20041126132158if_/http://www.loterianacional.com.ni:80/sorteos/1234.htm
1235|22 de Junio de 2004|https://web.archive.org/web/20041031203704if_/http://www.loterianacional.com.ni:80/sorteos/1235.htm
1236|29 de Junio de 2004|https://web.archive.org/web/20041031204312if_/http://www.loterianacional.com.ni:80/sorteos/1236.htm
1237|06 de Julio de 2004|https://web.archive.org/web/20041031205441if_/http://www.loterianacional.com.ni:80/sorteos/1237.htm
1238|13 de Julio de 2004|https://web.archive.org/web/20041031205533if_/http://www.loterianacional.com.ni:80/sorteos/1238.htm
1239|20 de Julio de 2004|https://web.archive.org/web/20041031210333if_/http://www.loterianacional.com.ni:80/sorteos/1239.htm
1240|27 de Julio de 2004|https://web.archive.org/web/20041031210759if_/http://www.loterianacional.com.ni:80/sorteos/1240.htm
1241||https://web.archive.org/web/20041031211547if_/http://www.loterianacional.com.ni:80/sorteos/1241.htm
1242||https://web.archive.org/web/20041216034853if_/http://www.loterianacional.com.ni:80/sorteos/1242.htm
1243||https://web.archive.org/web/20041216044214if_/http://www.loterianacional.com.ni:80/sorteos/1243.htm
1244|24 de Agosto de 2004|https://web.archive.org/web/20041216044717if_/http://www.loterianacional.com.ni:80/sorteos/1244.htm
1245|31 de Agosto de 2004|https://web.archive.org/web/20041216045346if_/http://www.loterianacional.com.ni:80/sorteos/1245.htm
1246|07 de Septiembre de 2004|https://web.archive.org/web/20041216050728if_/http://www.loterianacional.com.ni:80/sorteos/1246.htm
1247|16 de Septiembre de 2004|https://web.archive.org/web/20041216051600if_/http://www.loterianacional.com.ni:80/sorteos/1247.htm
1248|21 de Septiembre de 2004|https://web.archive.org/web/20041216035134if_/http://www.loterianacional.com.ni:80/sorteos/1248.htm
1249|28 de Septiembre de 2004|https://web.archive.org/web/20041216043512if_/http://www.loterianacional.com.ni:80/sorteos/1249.htm
1250|5 de Octubre de 2004|https://web.archive.org/web/20041216044702if_/http://www.loterianacional.com.ni:80/sorteos/1250.htm
1251|12 de Octubre de 2004|https://web.archive.org/web/20041216050111if_/http://www.loterianacional.com.ni:80/sorteos/1251.htm
1252|19 de Octubre de 2004|https://web.archive.org/web/20041216050614if_/http://www.loterianacional.com.ni:80/sorteos/1252.htm
1253|26 de Octubre de 2004|https://web.archive.org/web/20041216051743if_/http://www.loterianacional.com.ni:80/sorteos/1253.htm
1254|02 de Noviembre de 2004|https://web.archive.org/web/20041216034354if_/http://www.loterianacional.com.ni:80/sorteos/1254.htm
1255|09 de Noviembre de 2004|https://web.archive.org/web/20041216043741if_/http://www.loterianacional.com.ni:80/sorteos/1255.htm
1256|16 de Noviembre de 2004|https://web.archive.org/web/20041216044648if_/http://www.loterianacional.com.ni:80/sorteos/1256.htm
1257|23 de Noviembre de 2004|https://web.archive.org/web/20041207225326if_/http://www.loterianacional.com.ni:80/sorteos/1257.htm
1258|30 de Noviembre de 2004|https://web.archive.org/web/20041216045845if_/http://www.loterianacional.com.ni:80/sorteos/1258.htm
1259|07 de Diciembre de 2004|https://web.archive.org/web/20041220134644if_/http://loterianacional.com.ni:80/sorteos/1259.htm
