sorteo|fuente|marcador|acumulacion
1138|html|vendido|0
1139|html|vendido|0
1142|html|vendido|0
1143|html|vendido|0
1144|html|vendido|0
1146|html|vendido|0
1147|html|vendido|0
1148|html|vendido|0
1156|html|vendido|0
1158|html|vendido|0
1159|html|vendido|0
1160|html|vendido|0
1161|html|vendido|0
1162|html|no_vendido|0
1163|html|vendido|0
1164|html|vendido|0
1165|html|vendido|0
1166|html|vendido|0
1167|html|vendido|0
1168|html|vendido|0
1170|html|vendido|0
1171|html|vendido|0
1172|html|vendido|0
1173|html|vendido|0
1174|html|vendido|0
1175|html|vendido|0
1176|html|vendido|0
1177|html|vendido|0
1178|html|vendido|0
1179|html|vendido|0
1180|html|vendido|0
1181|html|vendido|0
1183|html|vendido|0
1185|html|vendido|0
1186|html|no_vendido|0
1187|html|vendido|0
1188|html|vendido|0
1189|html|vendido|0
1190|html|vendido|0
1191|html|vendido|0
1192|html|vendido|0
1194|html|vendido|0
1195|html|vendido|0
1196|html|vendido|0
1197|html|vendido|0
1198|html|no_vendido|1
1201|html|vendido|0
1203|html|vendido|0
1207|html|sin_marcador|0
1208|html|sin_marcador|0
1209|html|sin_marcador|0
1210|html|sin_marcador|0
1211|html|vendido|0
1213|html|vendido|0
1214|html|vendido|0
1215|html|no_vendido|0
1216|html|sin_marcador|0
1217|html|sin_marcador|0
1218|html|no_vendido|0
1219|html|sin_marcador|0
1220|html|sin_marcador|0
1221|html|sin_marcador|0
1222|html|vendido|0
1223|html|vendido|0
1224|html|vendido|0
1225|html|no_vendido|1
1226|html|vendido|0
1227|html|no_vendido|1
1228|html|vendido|0
1229|html|vendido|0
1230|html|vendido|0
1231|html|no_vendido|1
1232|html|vendido|0
1233|html|vendido|0
1234|html|vendido|0
1235|html|vendido|0
1236|html|vendido|0
1237|html|vendido|0
1238|html|vendido|0
1239|html|vendido|0
1240|html|no_vendido|1
1241|html|no_vendido|1
1242|html|vendido|0
1243|html|no_vendido|1
1244|html|no_vendido|1
1245|html|vendido|0
1246|html|no_vendido|0
1247|html|vendido|0
1248|html|vendido|0
1249|html|no_vendido|0
1250|html|vendido|0
1251|html|vendido|0
1252|html|vendido|0
1253|html|vendido|0
1254|html|vendido|0
1255|html|no_vendido|1
1256|html|vendido|0
1257|html|vendido|0
1258|html|vendido|0
1259|html|vendido|0
1356|pdf|no_vendido|1
1357|pdf|vendido|0
1358|pdf|no_vendido|1
1360|pdf|vendido|0
1361|pdf|vendido|0
1362|pdf|vendido|0
1363|pdf|vendido|0
1364|pdf|vendido|0
1438|pdf|vendido|0
1439|pdf|vendido|0
1440|pdf|no_vendido|1
1441|pdf|vendido|0
1442|pdf|vendido|0
1443|pdf|vendido|0
1444|pdf|vendido|0
1445|pdf|vendido|0
1446|pdf|no_vendido|1
1447|pdf|vendido|0
1451|pdf|vendido|0
1452|pdf|vendido|0
1453|pdf|vendido|0
1454|pdf|vendido|0
1455|pdf|vendido|0
1456|pdf|vendido|0
1457|pdf|vendido|0
1458|pdf|vendido|0
1459|pdf|no_vendido|1
1460|pdf|vendido|0
1461|pdf|vendido|0
1462|pdf|vendido|0
1463|pdf|no_vendido|1
1464|pdf|no_vendido|1
1465|pdf|vendido|0
1466|pdf|vendido|0
1467|pdf|vendido|0
1468|pdf|no_vendido|1
1469|pdf|no_vendido|1
1470|pdf|vendido|0
1471|pdf|vendido|0
1472|pdf|vendido|0
1474|pdf|vendido|0
1476|pdf|vendido|0
1477|pdf|no_vendido|1
1478|pdf|vendido|0
1479|pdf|vendido|0
1480|pdf|vendido|0
1481|pdf|no_vendido|1
1482|pdf|no_vendido|1
1483|pdf|sin_marcador|0
1484|pdf|vendido|0
1485|pdf|vendido|0
1486|pdf|vendido|0
1487|pdf|vendido|0
1488|pdf|no_vendido|1
1489|pdf|vendido|0
1490|pdf|no_vendido|1
1492|pdf|vendido|0
1493|pdf|vendido|0
1494|pdf|vendido|0
1495|pdf|vendido|0
1496|pdf|vendido|0
1497|pdf|vendido|0
1498|pdf|vendido|0
1499|pdf|vendido|0
1500|pdf|vendido|0
1501|pdf|vendido|0
1502|pdf|vendido|0
1503|pdf|vendido|0
1504|pdf|vendido|0
1505|pdf|vendido|0
1506|pdf|vendido|0
1507|pdf|no_vendido|1
1508|pdf|vendido|0
1509|pdf|vendido|0
1510|pdf|vendido|0
1511|pdf|no_vendido|1
1512|pdf|vendido|0
1514|pdf|vendido|0
1515|pdf|vendido|0
1516|pdf|vendido|0
1517|pdf|vendido|0
1518|pdf|vendido|0
1520|pdf|vendido|0
1521|pdf|vendido|0
1523|pdf|vendido|0
1524|pdf|vendido|0
1526|pdf|vendido|0
1527|pdf|vendido|0
1528|pdf|vendido|0
1529|pdf|vendido|0
1530|pdf|vendido|0
1531|pdf|no_vendido|1
1533|pdf|vendido|0
1534|pdf|vendido|0
1536|pdf|vendido|0
1537|pdf|vendido|0
1538|pdf|vendido|0
1539|pdf|vendido|0
1540|pdf|vendido|0
1541|pdf|vendido|0
1544|pdf|vendido|0
1545|pdf|vendido|0
1546|pdf|vendido|0
1548|pdf|no_vendido|1
1549|pdf|vendido|0
1550|pdf|vendido|0
1551|pdf|vendido|0
1552|pdf|vendido|0
1554|pdf|vendido|0
1555|pdf|vendido|0
1564|pdf|vendido|0
1565|pdf|vendido|0
1566|pdf|vendido|0
1567|pdf|vendido|0
1568|pdf|vendido|0
1569|pdf|no_vendido|1
1570|pdf|vendido|0
1571|pdf|vendido|0
1572|pdf|vendido|0
1573|pdf|no_vendido|1
1574|pdf|vendido|0
1575|pdf|vendido|0
1576|pdf|vendido|0
1577|pdf|vendido|0
1578|pdf|no_vendido|1
1580|pdf|vendido|0
1582|pdf|no_vendido|1
1584|pdf|vendido|0
1587|pdf|vendido|0
1588|pdf|vendido|0
1592|pdf|no_vendido|1
1593|pdf|vendido|0
1594|pdf|vendido|0
1595|pdf|vendido|0
1596|pdf|vendido|0
1597|pdf|no_vendido|1
1598|pdf|vendido|0
1599|pdf|vendido|0
1600|pdf|vendido|0
1601|pdf|vendido|0
1602|pdf|vendido|0
1603|pdf|vendido|0
1604|pdf|vendido|0
1605|pdf|no_vendido|1
1606|pdf|vendido|0
1607|pdf|vendido|0
1609|pdf|vendido|0
1610|pdf|vendido|0
1611|pdf|vendido|0
1612|pdf|vendido|0
1613|pdf|no_vendido|1
1614|pdf|vendido|0
1615|pdf|vendido|0
1616|pdf|vendido|0
1617|pdf|vendido|0
1618|pdf|vendido|0
1619|pdf|vendido|0
1620|pdf|vendido|0
1621|pdf|vendido|0
1622|pdf|vendido|0
1623|pdf|no_vendido|1
1624|pdf|vendido|0
1625|pdf|vendido|0
1626|pdf|no_vendido|1
1627|pdf|vendido|0
1630|pdf|no_vendido|1
1636|pdf|vendido|0
1637|pdf|vendido|0
1639|pdf|vendido|0
1640|pdf|vendido|0
1641|pdf|vendido|0
1643|pdf|vendido|0
1644|pdf|vendido|0
1648|pdf|no_vendido|1
1649|pdf|vendido|1
1650|pdf|vendido|0
1652|pdf|vendido|0
1654|pdf|no_vendido|1
1655|pdf|vendido|0
1656|pdf|vendido|0
1657|pdf|vendido|0
1658|pdf|vendido|0
1659|pdf|vendido|0
1660|pdf|vendido|0
1661|pdf|vendido|-1
1662|pdf|no_vendido|1
1663|pdf|vendido|0
1664|pdf|vendido|0
1665|pdf|vendido|0
1666|pdf|no_vendido|1
1667|pdf|vendido|0
1668|pdf|vendido|0
1669|pdf|vendido|0
1670|pdf|vendido|0
1671|pdf|vendido|0
1673|pdf|vendido|0
1674|pdf|vendido|0
1675|pdf|vendido|0
1677|pdf|vendido|0
1679|pdf|vendido|0
1680|pdf|no_vendido|1
1681|pdf|vendido|0
1682|pdf|no_vendido|1
1683|pdf|vendido|0
1684|pdf|vendido|0
1685|pdf|vendido|0
1686|pdf|vendido|0
1687|pdf|vendido|0
1688|pdf|vendido|0
1689|pdf|vendido|0
1690|pdf|vendido|0
1691|pdf|vendido|0
1692|pdf|vendido|0
1693|pdf|vendido|0
1694|pdf|vendido|0
1695|pdf|vendido|0
1696|pdf|vendido|0
1698|pdf|vendido|0
1699|pdf|vendido|0
1700|pdf|vendido|0
1703|pdf|no_vendido|1
1704|pdf|vendido|0
1705|pdf|vendido|0
1706|pdf|vendido|0
1707|pdf|vendido|0
1708|pdf|vendido|0
1709|pdf|vendido|0
1710|pdf|vendido|0
1711|pdf|vendido|0
1712|pdf|vendido|0
1713|pdf|vendido|0
1714|pdf|vendido|0
1715|pdf|vendido|0
1716|pdf|vendido|0
1717|pdf|vendido|0
1718|pdf|vendido|0
1719|pdf|vendido|0
1720|pdf|vendido|0
1721|pdf|vendido|0
1722|pdf|vendido|0
1725|pdf|no_vendido|1
1726|pdf|vendido|0
1727|pdf|no_vendido|1
1728|pdf|vendido|0
1729|pdf|vendido|0
1730|pdf|vendido|0
1731|pdf|vendido|0
1733|pdf|no_vendido|1
1734|pdf|vendido|0
1735|pdf|vendido|0
1736|pdf|no_vendido|1
1737|pdf|vendido|0
1738|pdf|no_vendido|1
1739|pdf|vendido|0
1740|pdf|no_vendido|1
1741|pdf|no_vendido|1
1742|pdf|vendido|0
1743|pdf|vendido|0
1744|pdf|vendido|0
1745|pdf|vendido|0
1749|pdf|no_vendido|1
1750|pdf|vendido|0
1751|pdf|vendido|0
1752|pdf|vendido|0
1753|pdf|vendido|0
1754|pdf|vendido|0
1755|pdf|vendido|0
1756|pdf|no_vendido|1
1757|pdf|vendido|0
1758|pdf|no_vendido|1
1759|pdf|vendido|0
1760|pdf|vendido|0
1761|pdf|vendido|0
1763|pdf|vendido|0
1765|pdf|vendido|0
1767|pdf|vendido|0
1768|pdf|vendido|0
1769|pdf|vendido|0
1770|pdf|no_vendido|1
1771|pdf|vendido|0
1772|pdf|vendido|0
1773|pdf|vendido|0
1774|pdf|vendido|0
1775|pdf|vendido|-1
1776|pdf|vendido|0
1777|pdf|vendido|0
1778|pdf|vendido|0
1779|pdf|vendido|-1
1780|pdf|vendido|0
1781|pdf|vendido|-1
1782|pdf|vendido|0
1783|pdf|vendido|0
1784|pdf|no_vendido|1
1785|pdf|vendido|0
1786|pdf|no_vendido|1
1787|pdf|vendido|0
1788|pdf|vendido|0
1789|pdf|vendido|0
1790|pdf|vendido|-1
1791|pdf|vendido|0
1792|pdf|vendido|0
1793|pdf|vendido|0
1794|pdf|vendido|0
1795|pdf|vendido|-1
1796|pdf|vendido|0
1797|pdf|vendido|0
1798|pdf|no_vendido|1
1799|pdf|vendido|0
1800|pdf|vendido|0
1801|pdf|vendido|0
1802|pdf|vendido|0
1803|pdf|vendido|0
1804|pdf|vendido|0
1805|pdf|vendido|0
1806|pdf|no_vendido|1
1807|pdf|vendido|0
1808|pdf|no_vendido|1
1809|pdf|vendido|0
1810|pdf|vendido|0
1811|pdf|vendido|0
1812|pdf|no_vendido|1
1813|pdf|vendido|0
1814|pdf|no_vendido|1
1815|pdf|vendido|0
1816|pdf|vendido|0
1817|pdf|vendido|0
1818|pdf|vendido|0
1819|pdf|vendido|-1
1820|pdf|no_vendido|1
1821|pdf|no_vendido|-1
1822|pdf|vendido|-1
1823|pdf|vendido|-1
1824|pdf|vendido|0
1825|pdf|vendido|0
1826|pdf|no_vendido|1
1827|pdf|vendido|-1
1828|pdf|vendido|0
1829|pdf|vendido|-1
1830|pdf|vendido|-1
1831|pdf|vendido|0
1832|pdf|vendido|0
1833|pdf|vendido|-1
1834|pdf|no_vendido|1
1835|pdf|vendido|-1
1836|pdf|vendido|-1
1837|pdf|vendido|-1
1838|pdf|vendido|-1
1839|pdf|vendido|-1
1840|pdf|vendido|-1
1841|pdf|vendido|-1
1842|pdf|vendido|-1
1843|pdf|vendido|-1
1844|pdf|vendido|-1
1845|pdf|vendido|-1
1846|pdf|vendido|-1
1847|pdf|vendido|-1
1848|pdf|vendido|-1
1849|pdf|vendido|-1
1850|pdf|vendido|-1
1851|pdf|vendido|0
1852|pdf|vendido|-1
1853|pdf|vendido|-1
1854|pdf|vendido|-1
1855|pdf|vendido|-1
1856|pdf|vendido|-1
1857|pdf|vendido|-1
1858|pdf|vendido|-1
1859|pdf|escaneado|0
1860|pdf|vendido|-1
1861|pdf|vendido|-1
1862|pdf|vendido|-1
1863|pdf|vendido|-1
1864|pdf|vendido|-1
1865|pdf|vendido|-1
1866|pdf|vendido|-1
1867|pdf|vendido|-1
1868|pdf|no_vendido|1
1869|pdf|vendido|-1
1870|pdf|no_vendido|1
1871|pdf|vendido|-1
1872|pdf|vendido|-1
1873|pdf|vendido|-1
1874|pdf|vendido|-1
1875|pdf|vendido|-1
1876|pdf|vendido|-1
1877|pdf|no_vendido|1
1878|pdf|vendido|-1
1879|pdf|vendido|-1
1880|pdf|vendido|0
1881|pdf|vendido|0
1882|pdf|vendido|-1
1883|pdf|vendido|-1
1884|pdf|vendido|-1
1885|pdf|vendido|-1
1886|pdf|vendido|-1
1887|pdf|vendido|-1
1888|pdf|vendido|-1
1889|pdf|vendido|-1
1890|pdf|vendido|-1
1891|pdf|vendido|-1
1892|pdf|vendido|-1
1893|pdf|vendido|-1
1894|pdf|vendido|-1
1895|pdf|vendido|-1
1896|pdf|vendido|-1
1897|pdf|vendido|-1
1898|pdf|vendido|-1
1899|pdf|vendido|-1
1900|pdf|vendido|0
1901|pdf|no_vendido|1
1902|pdf|vendido|-1
1903|pdf|no_vendido|1
1904|pdf|vendido|-1
1905|pdf|no_vendido|1
1906|pdf|no_vendido|-1
1907|pdf|no_vendido|0
1908|pdf|vendido|-1
1909|pdf|vendido|-1
1910|pdf|no_vendido|1
1911|pdf|vendido|-1
1913|pdf|sin_marcador|0
1914|pdf|sin_marcador|0
1915|pdf|escaneado|0
1916|pdf|sin_marcador|0
1917|pdf|sin_marcador|0
1918|pdf|sin_marcador|0
1919|pdf|sin_marcador|0
1920|pdf|sin_marcador|0
1921|pdf|sin_marcador|0
1922|pdf|sin_marcador|0
1923|pdf|sin_marcador|0
1924|pdf|sin_marcador|0
1925|pdf|sin_marcador|0
1926|pdf|vendido|0
1927|pdf|no_vendido|1
1928|pdf|vendido|-1
1929|pdf|vendido|-1
1930|pdf|vendido|-1
1931|pdf|no_vendido|1
1932|pdf|vendido|-1
1933|pdf|vendido|-1
1934|pdf|vendido|-1
1935|pdf|vendido|-1
1936|pdf|vendido|-1
1937|pdf|vendido|-1
1938|pdf|no_vendido|1
1939|pdf|vendido|-1
1940|pdf|vendido|-1
1941|pdf|vendido|0
1942|pdf|vendido|-1
1943|pdf|vendido|-1
1944|pdf|vendido|-1
1945|pdf|vendido|0
1946|pdf|escaneado|0
1947|pdf|escaneado|0
1948|pdf|escaneado|0
1949|pdf|escaneado|0
1950|pdf|escaneado|0
1951|pdf|escaneado|0
1952|pdf|escaneado|0
1953|pdf|escaneado|0
1954|pdf|escaneado|0
1955|pdf|escaneado|0
1956|pdf|escaneado|0
1957|pdf|escaneado|0
1958|pdf|escaneado|0
1959|pdf|escaneado|0
1960|pdf|escaneado|0
1961|pdf|escaneado|0
1962|pdf|escaneado|0
1963|pdf|escaneado|0
1964|pdf|escaneado|0
1965|pdf|escaneado|0
1966|pdf|escaneado|0
1967|pdf|escaneado|0
1968|pdf|escaneado|0
1969|pdf|escaneado|0
1970|pdf|escaneado|0
1971|pdf|escaneado|0
1972|pdf|escaneado|0
1973|pdf|escaneado|0
1974|pdf|escaneado|0
1975|pdf|escaneado|0
1976|pdf|escaneado|0
1977|pdf|vendido|-1
1978|pdf|vendido|-1
1979|pdf|vendido|-1
1980|pdf|vendido|-1
1981|pdf|vendido|-1
1982|pdf|no_vendido|1
1983|pdf|vendido|-1
1984|pdf|no_vendido|1
1985|pdf|vendido|-1
1986|pdf|vendido|-1
1987|pdf|vendido|-1
1988|pdf|vendido|0
1989|pdf|vendido|-1
1990|pdf|vendido|-1
1991|pdf|vendido|-1
1992|pdf|vendido|-1
1993|pdf|escaneado|0
1994|pdf|escaneado|0
1996|pdf|escaneado|0
1997|pdf|escaneado|0
2000|pdf|vendido|0
2005|pdf|vendido|-1
2006|pdf|no_vendido|1
2007|pdf|vendido|-1
2008|pdf|vendido|-1
2009|pdf|vendido|-1
2010|pdf|vendido|-1
2011|pdf|no_vendido|1
2012|pdf|no_vendido|-1
2013|pdf|vendido|-1
2014|pdf|no_vendido|1
2015|pdf|no_vendido|-1
2016|pdf|vendido|0
2017|pdf|vendido|-1
2018|pdf|no_vendido|1
2019|pdf|vendido|-1
2020|pdf|no_vendido|1
2021|pdf|vendido|-1
2022|pdf|vendido|-1
2023|pdf|no_vendido|1
2024|pdf|no_vendido|0
2025|pdf|vendido|0
2026|pdf|vendido|-1
2027|pdf|vendido|-1
2028|pdf|vendido|0
2029|pdf|vendido|-1
2030|pdf|vendido|-1
2031|pdf|no_vendido|1
2032|pdf|vendido|-1
2033|pdf|vendido|-1
2034|pdf|vendido|0
2035|pdf|no_vendido|1
2036|pdf|vendido|-1
2037|pdf|vendido|-1
2038|pdf|vendido|0
2039|pdf|vendido|0
2040|pdf|vendido|0
2041|pdf|vendido|0
2042|pdf|vendido|-1
2043|pdf|no_vendido|1
2044|pdf|no_vendido|0
2045|pdf|vendido|0
2046|pdf|vendido|-1
2047|pdf|no_vendido|1
2048|pdf|vendido|-1
2049|pdf|no_vendido|1
2050|pdf|vendido|-1
2051|pdf|vendido|-1
2052|pdf|no_vendido|1
2053|pdf|vendido|-1
2054|pdf|no_vendido|1
2055|pdf|vendido|-1
2056|pdf|vendido|-1
2057|pdf|vendido|-1
2058|pdf|no_vendido|1
2059|pdf|vendido|-1
2060|pdf|vendido|0
2061|pdf|vendido|0
2062|pdf|vendido|-1
2063|pdf|vendido|-1
2064|pdf|vendido|0
2065|pdf|vendido|-1
2066|pdf|vendido|-1
2067|pdf|vendido|-1
2068|pdf|vendido|-1
2069|pdf|no_vendido|1
2070|pdf|vendido|-1
2071|pdf|vendido|-1
2072|pdf|vendido|-1
2073|pdf|vendido|-1
2074|pdf|vendido|-1
2075|pdf|vendido|-1
2076|pdf|vendido|-1
2077|pdf|vendido|-1
2078|pdf|no_vendido|1
2079|pdf|vendido|-1
2080|pdf|vendido|-1
2081|pdf|no_vendido|1
2082|pdf|vendido|-1
2083|pdf|vendido|0
2084|pdf|vendido|-1
2085|pdf|no_vendido|1
2086|pdf|no_vendido|-1
2087|pdf|vendido|-1
2088|pdf|vendido|-1
2089|pdf|vendido|-1
2090|pdf|vendido|-1
2091|pdf|vendido|-1
2092|pdf|vendido|-1
2093|pdf|vendido|-1
2094|pdf|vendido|-1
2095|pdf|vendido|-1
2096|pdf|vendido|-1
2097|pdf|no_vendido|1
2098|pdf|vendido|-1
2099|pdf|vendido|-1
2100|pdf|no_vendido|1
2101|pdf|vendido|-1
2102|pdf|vendido|0
2103|pdf|vendido|0
2104|pdf|vendido|-1
2105|pdf|vendido|0
2106|pdf|vendido|0
2107|pdf|vendido|0
2108|pdf|no_vendido|1
2109|pdf|vendido|-1
2112|pdf|vendido|0
2113|pdf|vendido|0
2114|pdf|no_vendido|1
2115|pdf|vendido|0
2116|pdf|vendido|0
2117|pdf|vendido|0
2118|pdf|vendido|0
2119|pdf|vendido|-1
2120|pdf|vendido|0
2121|pdf|vendido|0
2122|pdf|vendido|-1
2123|pdf|vendido|0
2124|pdf|vendido|0
2125|pdf|vendido|-1
2126|pdf|vendido|0
2127|pdf|vendido|0
2128|pdf|vendido|0
2129|pdf|vendido|0
2130|pdf|no_vendido|1
2131|pdf|vendido|0
2132|pdf|vendido|0
2133|pdf|vendido|0
2134|pdf|vendido|-1
2135|pdf|vendido|0
2136|pdf|no_vendido|1
2137|pdf|vendido|0
2138|pdf|vendido|-1
2139|pdf|no_vendido|1
2140|pdf|vendido|0
2141|pdf|vendido|0
2142|pdf|vendido|-1
2143|pdf|vendido|-1
2144|pdf|vendido|0
2145|pdf|vendido|0
2146|pdf|vendido|0
2147|pdf|vendido|-1
2148|pdf|vendido|0
2149|pdf|vendido|0
2150|pdf|vendido|0
2151|pdf|vendido|-1
2152|pdf|no_vendido|1
2153|pdf|vendido|0
2154|pdf|no_vendido|1
2155|pdf|no_vendido|0
2156|pdf|vendido|-1
2157|pdf|vendido|0
2158|pdf|no_vendido|1
2159|pdf|vendido|-1
2160|pdf|vendido|-1
2161|pdf|vendido|0
2162|pdf|no_vendido|1
2163|pdf|vendido|0
2164|pdf|vendido|0
2165|pdf|vendido|-1
2166|pdf|vendido|0
2167|pdf|vendido|0
2168|pdf|no_vendido|1
2169|pdf|vendido|0
2170|pdf|vendido|0
2171|pdf|vendido|0
2172|pdf|vendido|0
2173|pdf|vendido|0
2174|pdf|vendido|0
2175|pdf|vendido|0
2176|pdf|vendido|0
2177|pdf|vendido|0
2178|pdf|vendido|0
2179|pdf|vendido|0
2180|pdf|vendido|0
2181|pdf|no_vendido|1
2182|pdf|vendido|0
2183|pdf|vendido|0
2184|pdf|no_vendido|1
2185|pdf|vendido|0
2186|pdf|vendido|0
2187|pdf|vendido|0
2188|pdf|vendido|0
2189|pdf|vendido|0
2190|pdf|vendido|0
2191|pdf|vendido|0
2192|pdf|vendido|0
2193|pdf|vendido|0
2194|pdf|vendido|0
2195|pdf|vendido|0
2196|pdf|vendido|0
2197|pdf|vendido|0
2198|pdf|vendido|0
2199|pdf|vendido|0
2200|pdf|vendido|0
2201|pdf|vendido|0
2202|pdf|vendido|0
2203|pdf|vendido|0
2204|pdf|vendido|0
2205|pdf|vendido|0
2206|pdf|vendido|0
2207|pdf|vendido|0
2208|pdf|vendido|0
2209|pdf|vendido|0
2210|pdf|vendido|-1
2211|pdf|vendido|0
2212|pdf|vendido|0
2213|pdf|vendido|0
2214|pdf|vendido|0
2215|pdf|vendido|0
2216|pdf|no_vendido|1
2217|pdf|vendido|0
2218|pdf|vendido|0
2219|pdf|vendido|0
2220|pdf|vendido|0
2221|pdf|vendido|0
2222|pdf|vendido|0
2223|pdf|vendido|0
2224|pdf|vendido|0
2225|pdf|vendido|0
2226|pdf|vendido|0
2227|pdf|vendido|0
2228|pdf|vendido|0
2229|pdf|vendido|0
2230|pdf|vendido|0
2231|pdf|vendido|0
2232|pdf|vendido|0
2233|pdf|vendido|0
2234|pdf|vendido|0
2235|pdf|vendido|0
2236|pdf|no_vendido|0
2237|pdf|no_vendido|0
2238|pdf|vendido|0
2239|pdf|vendido|0
2240|pdf|no_vendido|0
2241|pdf|vendido|0
2242|pdf|vendido|0
2243|pdf|vendido|0
2244|pdf|vendido|0
2245|pdf|vendido|0
2246|pdf|vendido|0
2247|pdf|vendido|0
2248|pdf|vendido|0
2249|pdf|vendido|0
2250|pdf|vendido|0
2251|pdf|vendido|0
2252|pdf|vendido|0
2253|pdf|vendido|0
2254|pdf|vendido|0
2255|pdf|vendido|0
2256|pdf|vendido|0
2257|pdf|vendido|0
2258|pdf|vendido|0
2259|pdf|vendido|0
2260|pdf|vendido|0
2261|pdf|vendido|0
2262|pdf|vendido|0
2263|pdf|vendido|0
2264|pdf|vendido|0
2265|pdf|vendido|0
2266|pdf|vendido|0
2267|pdf|vendido|0
2269|pdf|vendido|0
2270|pdf|vendido|0
2271|pdf|vendido|0
2272|pdf|vendido|0
2273|pdf|no_vendido|1
2274|pdf|vendido|0
2275|pdf|no_vendido|1
2276|pdf|vendido|0
2277|pdf|vendido|0
2278|pdf|vendido|0
2279|pdf|vendido|0
2280|pdf|vendido|0
2281|pdf|vendido|0
2282|pdf|no_vendido|0
2283|pdf|vendido|0
2284|pdf|vendido|0
2285|pdf|vendido|0
2286|pdf|vendido|0
2287|pdf|vendido|0
