archivo,interno,tipo,estado
1356,,,sin_encabezado
1357,,,sin_encabezado
1358,,,sin_encabezado
1360,,,sin_encabezado
1361,,,sin_encabezado
1362,,,sin_encabezado
1363,,,sin_encabezado
1364,,,sin_encabezado
1438,1438,ORDINARIO,ok
1439,1439,EXTRAORDINARIO,ok
1440,1440,ORDINARIO,ok
1441,1441,ORDINARIO,ok
1442,1442,ORDINARIO,ok
1443,1443,ORDINARIO,ok
1444,1444,ORDINARIO,ok
1445,1445,ORDINARIO,ok
1446,1446,ORDINARIO,ok
1447,1447,ORDINARIO,ok
1451,1451,ORDINARIO,ok
1452,1452,ORDINARIO,ok
1453,1453,ORDINARIO,ok
1454,1454,ORDINARIO,ok
1455,1455,ORDINARIO,ok
1456,1456,ORDINARIO,ok
1457,1457,ORDINARIO,ok
1458,1458,EXTRAORDINARIO,ok
1459,1459,ORDINARIO,ok
1460,1460,ORDINARIO,ok
1461,1461,ORDINARIO,ok
1462,1462,ORDINARIO,ok
1463,1463,ORDINARIO,ok
1464,1464,EXTRAORDINARIO,ok
1465,1465,EXTRAORDINARIO,ok
1466,1466,ORDINARIO,ok
1467,1467,ORDINARIO,ok
1468,1468,ORDINARIO,ok
1469,1469,ORDINARIO,ok
1470,1470,ORDINARIO,ok
1471,1471,ORDINARIO,ok
1472,1472,ORDINARIO,ok
1474,1474,ORDINARIO,ok
1476,1476,ORDINARIO,ok
1477,1477,ORDINARIO,ok
1478,1478,ORDINARIO,ok
1479,1479,EXTRAORDINARIO,ok
1480,1480,ORDINARIO,ok
1481,1481,ORDINARIO,ok
1482,1482,ORDINARIO,ok
1483,1483,ORDINARIO,ok
1484,1484,EXTRAORDINARIO,ok
1485,1485,ORDINARIO,ok
1486,1486,ORDINARIO,ok
1487,1487,ORDINARIO,ok
1488,1488,EXTRAORDINARIO,ok
1489,1489,ORDINARIO,ok
1490,1490,ORDINARIO,ok
1492,,,sin_encabezado
1493,1493,EXTRAORDINARIO,ok
1494,1494,ORDINARIO,ok
1495,1495,ORDINARIO,ok
1496,1496,EXTRAORDINARIO,ok
1497,1497,ORDINARIO,ok
1498,1498,ORDINARIO,ok
1499,1499,ORDINARIO,ok
1500,1500,EXTRAORDINARIO,ok
1501,1501,ORDINARIO,ok
1502,1502,ORDINARIO,ok
1503,1503,ORDINARIO,ok
1504,1504,EXTRAORDINARIO,ok
1505,1505,ORDINARIO,ok
1506,1506,EXTRAORDINARIO,ok
1507,1507,ORDINARIO,ok
1508,1508,ORDINARIO,ok
1509,1509,ORDINARIO,ok
1510,1510,ORDINARIO,ok
1511,1511,ORDINARIO,ok
1512,1512,EXTRAORDINARIO,ok
1514,1514,ORDINARIO,ok
1515,1515,ORDINARIO,ok
1516,1516,EXTRAORDINARIO,ok
1517,1517,ORDINARIO,ok
1518,1518,ORDINARIO,ok
1520,1520,EXTRAORDINARIO,ok
1521,1521,ORDINARIO,ok
1523,1523,ORDINARIO,ok
1524,1524,EXTRAORDINARIO,ok
1526,1526,ORDINARIO,ok
1527,1527,ORDINARIO,ok
1528,1528,EXTRAORDINARIO,ok
1529,1529,ORDINARIO,ok
1530,1530,ORDINARIO,ok
1531,1531,ORDINARIO,ok
1533,1533,EXTRAORDINARIO,ok
1534,1534,ORDINARIO,ok
1536,1536,ORDINARIO,ok
1537,1537,EXTRAORDINARIO,ok
1538,1538,ORDINARIO,ok
1539,1539,EXTRAORDINARIO,ok
1540,1540,EXTRAORDINARIO,ok
1541,1541,EXTRAORDINARIO,ok
1544,1544,ORDINARIO,ok
1545,,,sin_encabezado
1546,1546,ORDINARIO,ok
1548,,,sin_encabezado
1549,1549,EXTRAORDINARIO,ok
1550,1550,ORDINARIO,ok
1551,1551,EXTRAORDINARIO,ok
1552,1552,ORDINARIO,ok
1554,1554,EXTRAORDINARIO,ok
1555,1555,ORDINARIO,ok
1564,1564,ORDINARIO,ok
1565,1565,EXTRAORDINARIO,ok
1566,1566,ORDINARIO,ok
1567,1567,EXTRAORDINARIO,ok
1568,1568,ORDINARIO,ok
1569,,,sin_encabezado
1570,1570,ORDINARIO,ok
1571,1571,EXTRAORDINARIO,ok
1572,1572,ORDINARIO,ok
1573,,,sin_encabezado
1574,1574,ORDINARIO,ok
1575,1575,EXTRAORDINARIO,ok
1576,1576,ORDINARIO,ok
1577,1577,EXTRAORDINARIO,ok
1578,1578,ORDINARIO,ok
1580,1580,ORDINARIO,ok
1582,1582,ORDINARIO,ok
1584,1584,ORDINARIO,ok
1587,1587,ORDINARIO,ok
1588,1588,EXTRAORDINARIO,ok
1592,1592,ORDINARIO,ok
1593,1593,EXTRAORDINARIO,ok
1594,1594,ORDINARIO,ok
1595,1595,EXTRAORDINARIO,ok
1596,1596,ORDINARIO,ok
1597,1597,EXTRAORDINARIO,ok
1598,1598,ORDINARIO,ok
1599,1599,ORDINARIO,ok
1600,1600,ORDINARIO,ok
1601,1601,ORDINARIO,ok
1602,1602,ORDINARIO,ok
1603,1603,ORDINARIO,ok
1604,1604,EXTRAORDINARIO,ok
1605,1605,ORDINARIO,ok
1606,1606,ORDINARIO,ok
1607,1607,ORDINARIO,ok
1609,1609,ORDINARIO,ok
1610,1610,EXTRAORDINARIO,ok
1611,1611,ORDINARIO,ok
1612,1612,ORDINARIO,ok
1613,1613,ORDINARIO,ok
1614,1614,ORDINARIO,ok
1615,1615,ORDINARIO,ok
1616,1616,ORDINARIO,ok
1617,1617,ORDINARIO,ok
1618,1618,ORDINARIO,ok
1619,1619,ORDINARIO,ok
1620,1620,ORDINARIO,ok
1621,1621,ORDINARIO,ok
1622,1622,ORDINARIO,ok
1623,1623,ORDINARIO,ok
1624,1624,ORDINARIO,ok
1625,1625,ORDINARIO,ok
1626,1626,EXTRAORDINARIO,ok
1627,1627,ORDINARIO,ok
1630,1630,EXTRAORDINARIO,ok
1636,1636,ORDINARIO,ok
1637,1637,EXTRAORDINARIO,ok
1639,,,sin_encabezado
1640,1640,EXTRAORDINARIO,ok
1641,1641,ORDINARIO,ok
1643,1643,ORDINARIO,ok
1644,1644,ORDINARIO,ok
1648,1648,ORDINARIO,ok
1649,1649,ORDINARIO,ok
1650,1650,ORDINARIO,ok
1652,1652,ORDINARIO,ok
1654,1654,ORDINARIO,ok
1655,1655,ORDINARIO,ok
1656,1656,ORDINARIO,ok
1657,1657,ORDINARIO,ok
1658,1658,EXTRAORDINARIO,ok
1659,1659,ORDINARIO,ok
1660,1660,ORDINARIO,ok
1661,1661,EXTRAORDINARIO,ok
1662,1662,ORDINARIO,ok
1663,1663,ORDINARIO,ok
1664,1664,ORDINARIO,ok
1665,1665,EXTRAORDINARIO,ok
1666,1666,ORDINARIO,ok
1667,1667,ORDINARIO,ok
1668,1668,ORDINARIO,ok
1669,1669,ORDINARIO,ok
1670,1670,EXTRAORDINARIO,ok
1671,1671,ORDINARIO,ok
1673,1673,ORDINARIO,ok
1674,1674,EXTRAORDINARIO,ok
1675,1675,ORDINARIO,ok
1677,1677,ORDINARIO,ok
1679,1679,EXTRAORDINARIO,ok
1680,1680,ORDINARIO,ok
1681,1681,ORDINARIO,ok
1682,1682,ORDINARIO,ok
1683,1683,EXTRAORDINARIO,ok
1684,1684,ORDINARIO,ok
1685,1685,ORDINARIO,ok
1686,1686,EXTRAORDINARIO,ok
1687,1687,EXTRAORDINARIO,ok
1688,1688,EXTRAORDINARIO,ok
1689,1689,ORDINARIO,ok
1690,1690,ORDINARIO,ok
1691,1691,ORDINARIO,ok
1692,1692,ORDINARIO,ok
1693,1693,ORDINARIO,ok
1694,1694,EXTRAORDINARIO,ok
1695,1695,ORDINARIO,ok
1696,1696,ORDINARIO,ok
1698,1698,EXTRAORDINARIO,ok
1699,1699,ORDINARIO,ok
1700,1700,ORDINARIO,ok
1703,1703,ORDINARIO,ok
1704,1704,ORDINARIO,ok
1705,1705,ORDINARIO,ok
1706,1706,EXTRAORDINARIO,ok
1707,1707,ORDINARIO,ok
1708,1708,ORDINARIO,ok
1709,1709,EXTRAORDINARIO,ok
1710,1710,ORDINARIO,ok
1711,1711,ORDINARIO,ok
1712,1712,ORDINARIO,ok
1713,1713,ORDINARIO,ok
1714,1714,EXTRAORDINARIO,ok
1715,1715,ORDINARIO,ok
1716,1716,ORDINARIO,ok
1717,1717,ORDINARIO,ok
1718,1718,EXTRAORDINARIO,ok
1719,1719,ORDINARIO,ok
1720,1720,ORDINARIO,ok
1721,1721,ORDINARIO,ok
1722,1722,EXTRAORDINARIO,ok
1725,1725,ORDINARIO,ok
1726,1726,ORDINARIO,ok
1727,1727,EXTRAORDINARIO,ok
1728,1728,ORDINARIO,ok
1729,1729,ORDINARIO,ok
1730,1730,ORDINARIO,ok
1731,1731,EXTRAORDINARIO,ok
1733,1733,EXTRAORDINARIO,ok
1734,1734,ORDINARIO,ok
1735,1735,EXTRAORDINARIO,ok
1736,1736,EXTRAORDINARIO,ok
1737,1737,ORDINARIO,ok
1738,1738,ORDINARIO,ok
1739,1739,ORDINARIO,ok
1740,1740,ORDINARIO,ok
1741,1741,ORDINARIO,ok
1742,1742,EXTRAORDINARIO,ok
1743,1743,ORDINARIO,ok
1744,1744,ORDINARIO,ok
1745,1745,ORDINARIO,ok
1749,1749,ORDINARIO,ok
1750,1750,ORDINARIO,ok
1751,1751,ORDINARIO,ok
1752,1752,ORDINARIO,ok
1753,1753,ORDINARIO,ok
1754,1754,EXTRAORDINARIO,ok
1755,1755,ORDINARIO,ok
1756,1756,ORDINARIO,ok
1757,1757,EXTRAORDINARIO,ok
1758,1758,ORDINARIO,ok
1759,1759,ORDINARIO,ok
1760,1760,ORDINARIO,ok
1761,1761,ORDINARIO,ok
1763,1763,ORDINARIO,ok
1765,1765,ORDINARIO,ok
1767,1767,ORDINARIO,ok
1768,1768,ORDINARIO,ok
1769,1769,ORDINARIO,ok
1770,1770,EXTRAORDINARIO,ok
1771,1771,ORDINARIO,ok
1772,1772,ORDINARIO,ok
1773,1773,ORDINARIO,ok
1774,1774,ORDINARIO,ok
1775,1775,EXTRAORDINARIO,ok
1776,1776,ORDINARIO,ok
1777,1777,ORDINARIO,ok
1778,1778,ORDINARIO,ok
1779,1779,EXTRAORDINARIO,ok
1780,1780,ORDINARIO,ok
1781,1781,EXTRAORDINARIO,ok
1782,1782,ORDINARIO,ok
1783,1783,EXTRAORDINARIO,ok
1784,1784,EXTRAORDINARIO,ok
1785,1785,ORDINARIO,ok
1786,1786,ORDINARIO,ok
1787,1787,ORDINARIO,ok
1788,1788,ORDINARIO,ok
1789,1789,ORDINARIO,ok
1790,1790,EXTRAORDINARIO,ok
1791,1791,ORDINARIO,ok
1792,1792,ORDINARIO,ok
1793,1793,ORDINARIO,ok
1794,1794,ORDINARIO,ok
1795,1795,EXTRAORDINARIO,ok
1796,1796,ORDINARIO,ok
1797,1797,ORDINARIO,ok
1798,1798,EXTRAORDINARIO,ok
1799,1799,ORDINARIO,ok
1800,1800,ORDINARIO,ok
1801,1801,ORDINARIO,ok
1802,1802,ORDINARIO,ok
1803,1803,EXTRAORDINARIO,ok
1804,1804,ORDINARIO,ok
1805,1805,ORDINARIO,ok
1806,1806,EXTRAORDINARIO,ok
1807,1807,ORDINARIO,ok
1808,1808,ORDINARIO,ok
1809,1809,ORDINARIO,ok
1810,1810,EXTRAORDINARIO,ok
1811,1811,ORDINARIO,ok
1812,1812,ORDINARIO,ok
1813,1813,ORDINARIO,ok
1814,1814,EXTRAORDINARIO,ok
1815,1815,ORDINARIO,ok
1816,1816,ORDINARIO,ok
1817,1817,ORDINARIO,ok
1818,1818,ORDINARIO,ok
1819,1819,EXTRAORDINARIO,ok
1820,1820,ORDINARIO,ok
1821,1821,ORDINARIO,ok
1822,1822,ORDINARIO,ok
1823,1823,EXTRAORDINARIO,ok
1824,1824,ORDINARIO,ok
1825,1825,ORDINARIO,ok
1826,1826,ORDINARIO,ok
1827,1827,EXTRAORDINARIO,ok
1828,1828,ORDINARIO,ok
1829,1829,ORDINARIO,ok
1830,1830,EXTRAORDINARIO,ok
1831,1831,EXTRAORDINARIO,ok
1832,1832,EXTRAORDINARIO,ok
1833,1833,ORDINARIO,ok
1834,1834,ORDINARIO,ok
1835,1835,ORDINARIO,ok
1836,1836,ORDINARIO,ok
1837,1837,ORDINARIO,ok
1838,1838,EXTRAORDINARIO,ok
1839,1839,ORDINARIO,ok
1840,1840,ORDINARIO,ok
1841,1841,ORDINARIO,ok
1842,1842,ORDINARIO,ok
1843,1843,EXTRAORDINARIO,ok
1844,1844,ORDINARIO,ok
1845,1845,ORDINARIO,ok
1846,1846,EXTRAORDINARIO,ok
1847,1847,ORDINARIO,ok
1848,1848,ORDINARIO,ok
1849,1849,ORDINARIO,ok
1850,1850,ORDINARIO,ok
1851,1851,EXTRAORDINARIO,ok
1852,1852,ORDINARIO,ok
1853,1853,ORDINARIO,ok
1854,1854,EXTRAORDINARIO,ok
1855,1855,ORDINARIO,ok
1856,1856,ORDINARIO,ok
1857,1857,ORDINARIO,ok
1858,1858,ORDINARIO,ok
1859,,,sin_texto
1860,1860,EXTRAORDINARIO,ok
1861,1861,ORDINARIO,ok
1862,1862,EXTRAORDINARIO,ok
1863,1863,ORDINARIO,ok
1864,1864,ORDINARIO,ok
1865,1865,EXTRAORDINARIO,ok
1866,1866,ORDINARIO,ok
1867,1867,EXTRAORDINARIO,ok
1868,1868,ORDINARIO,ok
1869,1869,EXTRAORDINARIO,ok
1870,1870,ORDINARIO,ok
1871,1871,EXTRAORDINARIO,ok
1872,1872,ORDINARIO,ok
1873,1873,EXTRAORDINARIO,ok
1874,1874,ORDINARIO,ok
1875,1875,EXTRAORDINARIO,ok
1876,1876,ORDINARIO,ok
1877,1877,EXTRAORDINARIO,ok
1878,1878,EXTRAORDINARIO,ok
1879,1879,EXTRAORDINARIO,ok
1880,1880,EXTRAORDINARIO,ok
1881,,,sin_encabezado
1882,1882,ORDINARIO,ok
1883,1883,EXTRAORDINARIO,ok
1884,1884,ORDINARIO,ok
1885,1885,EXTRAORDINARIO,ok
1886,1886,ORDINARIO,ok
1887,1887,EXTRAORDINARIO,ok
1888,1888,ORDINARIO,ok
1889,1889,EXTRAORDINARIO,ok
1890,1890,ORDINARIO,ok
1891,1891,ORDINARIO,ok
1892,1892,EXTRAORDINARIO,ok
1893,1893,EXTRAORDINARIO,ok
1894,1894,EXTRAORDINARIO,ok
1895,1895,ORDINARIO,ok
1896,1896,EXTRAORDINARIO,ok
1897,1897,ORDINARIO,ok
1898,1898,EXTRAORDINARIO,ok
1899,1899,ORDINARIO,ok
1900,1900,EXTRAORDINARIO,ok
1901,1901,ORDINARIO,ok
1902,1902,ORDINARIO,ok
1903,1903,EXTRAORDINARIO,ok
1904,1904,ORDINARIO,ok
1905,1905,ORDINARIO,ok
1906,1906,ORDINARIO,ok
1907,1907,EXTRAORDINARIO,ok
1908,1908,ORDINARIO,ok
1909,1909,ORDINARIO,ok
1910,1910,ORDINARIO,ok
1911,1911,ORDINARIO,ok
1913,,,sin_encabezado
1914,,,sin_encabezado
1915,,,sin_texto
1916,,,sin_encabezado
1917,,,sin_encabezado
1918,,,sin_encabezado
1919,,,sin_encabezado
1920,,,sin_encabezado
1921,,,sin_encabezado
1922,,,sin_encabezado
1923,,,sin_encabezado
1924,,,sin_encabezado
1925,,,sin_encabezado
1926,1926,EXTRAORDINARIO,ok
1927,1927,EXTRAORDINARIO,ok
1928,1928,ORDINARIO,ok
1929,1929,ORDINARIO,ok
1930,1930,ORDINARIO,ok
1931,1931,ORDINARIO,ok
1932,1932,ORDINARIO,ok
1933,1933,EXTRAORDINARIO,ok
1934,1934,ORDINARIO,ok
1935,1935,ORDINARIO,ok
1936,1936,ORDINARIO,ok
1937,1937,EXTRAORDINARIO,ok
1938,1938,ORDINARIO,ok
1939,1939,ORDINARIO,ok
1940,1940,ORDINARIO,ok
1941,1941,EXTRAORDINARIO,ok
1942,1942,ORDINARIO,ok
1943,1943,ORDINARIO,ok
1944,1944,ORDINARIO,ok
1945,1945,EXTRAORDINARIO,ok
1946,,,sin_texto
1947,,,sin_texto
1948,,,sin_texto
1949,,,sin_texto
1950,,,sin_texto
1951,,,sin_texto
1952,,,sin_texto
1953,,,sin_texto
1954,,,sin_texto
1955,,,sin_texto
1956,,,sin_texto
1957,,,sin_texto
1958,,,sin_texto
1959,,,sin_texto
1960,,,sin_texto
1961,,,sin_texto
1962,,,sin_texto
1963,,,sin_texto
1964,,,sin_texto
1965,,,sin_texto
1966,,,sin_texto
1967,,,sin_texto
1968,,,sin_texto
1969,,,sin_texto
1970,,,sin_texto
1971,,,sin_texto
1972,,,sin_texto
1973,,,sin_texto
1974,,,sin_texto
1975,,,sin_texto
1976,,,sin_texto
1977,1977,ORDINARIO,ok
1978,1978,ORDINARIO,ok
1979,1979,ORDINARIO,ok
1980,1980,ORDINARIO,ok
1981,1981,EXTRAORDINARIO,ok
1982,1982,ORDINARIO,ok
1983,1983,ORDINARIO,ok
1984,1984,ORDINARIO,ok
1985,1985,EXTRAORDINARIO,ok
1986,1986,ORDINARIO,ok
1987,1987,ORDINARIO,ok
1988,1988,EXTRAORDINARIO,ok
1989,1989,ORDINARIO,ok
1990,1990,ORDINARIO,ok
1991,1991,ORDINARIO,ok
1992,1992,ORDINARIO,ok
1993,,,sin_texto
1994,,,sin_texto
1996,,,sin_texto
1997,,,sin_texto
2000,,,sin_encabezado
2005,2005,ORDINARIO,ok
2006,2006,ORDINARIO,ok
2007,2007,ORDINARIO,ok
2008,2008,ORDINARIO,ok
2009,2009,ORDINARIO,ok
2010,2010,ORDINARIO,ok
2011,2011,ORDINARIO,ok
2012,2012,ORDINARIO,ok
2013,2013,EXTRAORDINARIO,ok
2014,2014,EXTRAORDINARIO,ok
2015,2015,EXTRAORDINARIO,ok
2016,2016,EXTRAORDINARIO,ok
2017,2017,ORDINARIO,ok
2018,2018,ORDINARIO,ok
2019,2019,ORDINARIO,ok
2020,2020,ORDINARIO,ok
2021,2021,ORDINARIO,ok
2022,2022,EXTRAORDINARIO,ok
2023,2023,ORDINARIO,ok
2024,2024,ORDINARIO,ok
2025,2025,ORDINARIO,ok
2026,2026,EXTRAORDINARIO,ok
2027,2027,ORDINARIO,ok
2028,2028,EXTRAORDINARIO,ok
2029,2029,ORDINARIO,ok
2030,2030,ORDINARIO,ok
2031,2031,ORDINARIO,ok
2032,2032,ORDINARIO,ok
2033,2033,ORDINARIO,ok
2034,2034,EXTRAORDINARIO,ok
2035,2035,ORDINARIO,ok
2036,2036,ORDINARIO,ok
2037,2037,EXTRAORDINARIO,ok
2038,2038,ORDINARIO,ok
2039,2039,ORDINARIO,ok
2040,2040,ORDINARIO,ok
2041,2041,ORDINARIO,ok
2042,2042,EXTRAORDINARIO,ok
2043,2043,ORDINARIO,ok
2044,2044,ORDINARIO,ok
2045,2045,ORDINARIO,ok
2046,2046,EXTRAORDINARIO,ok
2047,2047,ORDINARIO,ok
2048,2048,ORDINARIO,ok
2049,2049,ORDINARIO,ok
2050,2050,ORDINARIO,ok
2051,2051,EXTRAORDINARIO,ok
2052,2052,ORDINARIO,ok
2053,2053,ORDINARIO,ok
2054,2054,ORDINARIO,ok
2055,2055,EXTRAORDINARIO,ok
2056,2056,ORDINARIO,ok
2057,2057,ORDINARIO,ok
2058,2058,ORDINARIO,ok
2059,2059,EXTRAORDINARIO,ok
2060,2060,ORDINARIO,ok
2061,2061,ORDINARIO,ok
2062,2062,EXTRAORDINARIO,ok
2063,2063,EXTRAORDINARIO,ok
2064,2064,EXTRAORDINARIO,ok
2065,2065,ORDINARIO,ok
2066,2066,ORDINARIO,ok
2067,2067,ORDINARIO,ok
2068,2068,ORDINARIO,ok
2069,2069,ORDINARIO,ok
2070,2070,ORDINARIO,ok
2071,2071,EXTRAORDINARIO,ok
2072,2072,ORDINARIO,ok
2073,2073,ORDINARIO,ok
2074,2074,ORDINARIO,ok
2075,2075,EXTRAORDINARIO,ok
2076,2076,ORDINARIO,ok
2077,2077,ORDINARIO,ok
2078,2078,EXTRAORDINARIO,ok
2079,2079,ORDINARIO,ok
2080,2080,ORDINARIO,ok
2081,2081,ORDINARIO,ok
2082,2082,ORDINARIO,ok
2083,2083,EXTRAORDINARIO,ok
2084,2084,ORDINARIO,ok
2085,2085,ORDINARIO,ok
2086,2086,EXTRAORDINARIO,ok
2087,2087,ORDINARIO,ok
2088,2088,ORDINARIO,ok
2089,2089,ORDINARIO,ok
2090,2090,EXTRAORDINARIO,ok
2091,2091,ORDINARIO,ok
2092,2092,ORDINARIO,ok
2093,2093,ORDINARIO,ok
2094,2094,ORDINARIO,ok
2095,2095,EXTRAORDINARIO,ok
2096,2096,ORDINARIO,ok
2097,2097,ORDINARIO,ok
2098,2098,ORDINARIO,ok
2099,2099,EXTRAORDINARIO,ok
2100,2100,ORDINARIO,ok
2101,2101,ORDINARIO,ok
2102,2102,ORDINARIO,ok
2103,2103,ORDINARIO,ok
2104,2104,EXTRAORDINARIO,ok
2105,2105,ORDINARIO,ok
2106,2106,ORDINARIO,ok
2107,2107,ORDINARIO,ok
2108,2108,EXTRAORDINARIO,ok
2109,2109,ORDINARIO,ok
2112,2112,EXTRAORDINARIO,ok
2113,2113,ORDINARIO,ok
2114,2114,ORDINARIO,ok
2115,2115,ORDINARIO,ok
2116,2116,ORDINARIO,ok
2117,2117,ORDINARIO,ok
2118,2118,ORDINARIO,ok
2119,2119,EXTRAORDINARIO,ok
2120,2120,ORDINARIO,ok
2121,2121,ORDINARIO,ok
2122,2122,EXTRAORDINARIO,ok
2123,2123,ORDINARIO,ok
2124,2124,ORDINARIO,ok
2125,2125,EXTRAORDINARIO,ok
2126,2126,ORDINARIO,ok
2127,2127,ORDINARIO,ok
2128,2128,ORDINARIO,ok
2129,2129,ORDINARIO,ok
2130,2130,ORDINARIO,ok
2131,2131,EXTRAORDINARIO,ok
2132,2132,ORDINARIO,ok
2133,2133,ORDINARIO,ok
2134,2134,EXTRAORDINARIO,ok
2135,2135,ORDINARIO,ok
2136,2136,ORDINARIO,ok
2137,2137,ORDINARIO,ok
2138,2138,EXTRAORDINARIO,ok
2139,2139,ORDINARIO,ok
2140,2140,ORDINARIO,ok
2141,2141,ORDINARIO,ok
2142,2142,ORDINARIO,ok
2143,2143,EXTRAORDINARIO,ok
2144,2144,ORDINARIO,ok
2145,2145,ORDINARIO,ok
2146,2146,ORDINARIO,ok
2147,2147,EXTRAORDINARIO,ok
2148,2148,ORDINARIO,ok
2149,2149,ORDINARIO,ok
2150,2150,ORDINARIO,ok
2151,2151,EXTRAORDINARIO,ok
2152,2152,ORDINARIO,ok
2153,2153,ORDINARIO,ok
2154,2154,ORDINARIO,ok
2155,2155,ORDINARIO,ok
2156,2156,EXTRAORDINARIO,ok
2157,2157,ORDINARIO,ok
2158,2158,EXTRAORDINARIO,ok
2159,2159,EXTRAORDINARIO,ok
2160,2160,EXTRAORDINARIO,ok
2161,2161,EXTRAORDINARIO,ok
2162,2162,ORDINARIO,ok
2163,2163,ORDINARIO,ok
2164,2164,ORDINARIO,ok
2165,2165,EXTRAORDINARIO,ok
2166,2166,ORDINARIO,ok
2167,2167,ORDINARIO,ok
2168,2168,EXTRAORDINARIO,ok
2169,2169,ORDINARIO,ok
2170,2170,ORDINARIO,ok
2171,2171,EXTRAORDINARIO,ok
2172,2172,ORDINARIO,ok
2173,2173,ORDINARIO,ok
2174,2174,EXTRAORDINARIO,ok
2175,2175,ORDINARIO,ok
2176,2176,ORDINARIO,ok
2177,2177,ORDINARIO,ok
2178,2178,EXTRAORDINARIO,ok
2179,2179,ORDINARIO,ok
2180,2180,ORDINARIO,ok
2181,2181,EXTRAORDINARIO,ok
2182,2182,ORDINARIO,ok
2183,2183,ORDINARIO,ok
2184,2184,EXTRAORDINARIO,ok
2185,2185,ORDINARIO,ok
2186,2186,ORDINARIO,ok
2187,2187,ORDINARIO,ok
2188,2188,EXTRAORDINARIO,ok
2189,2189,ORDINARIO,ok
2190,2190,ORDINARIO,ok
2191,2191,ORDINARIO,ok
2192,2192,ORDINARIO,ok
2193,2193,EXTRAORDINARIO,ok
2194,2194,ORDINARIO,ok
2195,2195,ORDINARIO,ok
2196,2196,ORDINARIO,ok
2197,2197,EXTRAORDINARIO,ok
2198,2198,ORDINARIO,ok
2199,2199,ORDINARIO,ok
2200,2200,ORDINARIO,ok
2201,2201,ORDINARIO,ok
2202,2202,ORDINARIO,ok
2203,2203,EXTRAORDINARIO,ok
2204,2204,ORDINARIO,ok
2205,2205,ORDINARIO,ok
2206,2206,ORDINARIO,ok
2207,2207,EXTRAORDINARIO,ok
2208,2208,EXTRAORDINARIO,ok
2209,2209,EXTRAORDINARIO,ok
2210,,,sin_encabezado
2211,2211,EXTRAORDINARIO,ok
2212,2212,ORDINARIO,ok
2213,2213,ORDINARIO,ok
2214,2214,EXTRAORDINARIO,ok
2215,2215,ORDINARIO,ok
2216,2216,ORDINARIO,ok
2217,2217,EXTRAORDINARIO,ok
2218,2218,ORDINARIO,ok
2219,2219,ORDINARIO,ok
2220,2220,ORDINARIO,ok
2221,2221,EXTRAORDINARIO,ok
2222,2222,ORDINARIO,ok
2223,2223,ORDINARIO,ok
2224,2224,ORDINARIO,ok
2225,2225,EXTRAORDINARIO,ok
2226,2226,ORDINARIO,ok
2227,2227,ORDINARIO,ok
2228,2228,EXTRAORDINARIO,ok
2229,2229,ORDINARIO,ok
2230,,,sin_encabezado
2231,2231,ORDINARIO,ok
2232,2232,ORDINARIO,ok
2233,2233,EXTRAORDINARIO,ok
2234,2234,ORDINARIO,ok
2235,2235,ORDINARIO,ok
2236,2236,ORDINARIO,ok
2237,2237,ORDINARIO,ok
2238,2238,EXTRAORDINARIO,ok
2239,2239,ORDINARIO,ok
2240,2240,ORDINARIO,ok
2241,2241,ORDINARIO,ok
2242,2242,ORDINARIO,ok
2243,2243,EXTRAORDINARIO,ok
2244,2244,ORDINARIO,ok
2245,2245,ORDINARIO,ok
2246,2246,EXTRAORDINARIO,ok
2247,2247,ORDINARIO,ok
2248,2248,ORDINARIO,ok
2249,2249,ORDINARIO,ok
2250,2250,ORDINARIO,ok
2251,2251,EXTRAORDINARIO,ok
2252,2252,ORDINARIO,ok
2253,2253,ORDINARIO,ok
2254,2254,ORDINARIO,ok
2255,2255,EXTRAORDINARIO,ok
2256,2256,ORDINARIO,ok
2257,2257,EXTRAORDINARIO,ok
2258,2258,ORDINARIO,ok
2259,,,sin_encabezado
2260,2260,EXTRAORDINARIO,ok
2261,2261,EXTRAORDINARIO,ok
2262,2262,ORDINARIO,ok
2263,2263,EXTRAORDINARIO,ok
2264,2264,ORDINARIO,ok
2265,2265,ORDINARIO,ok
2266,2266,ORDINARIO,ok
2267,2267,ORDINARIO,ok
2269,2269,ORDINARIO,ok
2270,2270,ORDINARIO,ok
2271,2271,EXTRAORDINARIO,ok
2272,2272,ORDINARIO,ok
2273,2273,EXTRAORDINARIO,ok
2274,2274,ORDINARIO,ok
2275,2275,ORDINARIO,ok
2276,2276,ORDINARIO,ok
2277,2277,EXTRAORDINARIO,ok
2278,2278,ORDINARIO,ok
2279,2279,EXTRAORDINARIO,ok
2280,,,sin_encabezado
2281,2281,ORDINARIO,ok
2282,2282,EXTRAORDINARIO,ok
2283,2283,ORDINARIO,ok
2284,2284,EXTRAORDINARIO,ok
2285,2285,ORDINARIO,ok
2286,2286,ORDINARIO,ok
2287,2287,EXTRAORDINARIO,ok
